{"test_rmse":0.06432606170340925,"gradients/model.lin3.weights":{"_type":"histogram","values":[1,0,1,1,1,2,1,1,1,0,4,5,5,9,4,7,21,20,32,42,62,86,147,227,369,25528,1483,298,142,78,69,30,26,24,14,9,9,7,8,7,1,2,2,2,2,0,1,1,4,0,0,0,0,0,0,0,2,0,0,1,0,0,0,1],"bins":[-13.396621704101562,-12.877947807312012,-12.359273910522461,-11.840600967407227,-11.321927070617676,-10.803253173828125,-10.284579277038574,-9.765905380249023,-9.247232437133789,-8.728558540344238,-8.209884643554688,-7.691210746765137,-7.172536849975586,-6.653863430023193,-6.135189533233643,-5.61651611328125,-5.097842216491699,-4.579168319702148,-4.060494899749756,-3.541821002960205,-3.0231473445892334,-2.5044736862182617,-1.9857999086380005,-1.4671261310577393,-0.9484524726867676,-0.4297787547111511,0.08889496326446533,0.6075686812400818,1.1262423992156982,1.64491605758667,2.1635899543762207,2.6822636127471924,3.200937271118164,3.7196109294891357,4.238284587860107,4.756958484649658,5.275631904602051,5.794305801391602,6.312979698181152,6.831653118133545,7.350327014923096,7.8690009117126465,8.387674331665039,8.90634822845459,9.42502212524414,9.943696022033691,10.462368965148926,10.981042861938477,11.499716758728027,12.018390655517578,12.537064552307129,13.055737495422363,13.574411392211914,14.093085289001465,14.611759185791016,15.130433082580566,15.649106979370117,16.16777992248535,16.68645477294922,17.205127716064453,17.723800659179688,18.242475509643555,18.76114845275879,19.279823303222656,19.79849624633789]},"gradients/model.lin4.biases":{"bins":[-41.03563690185547,-39.57916259765625,-38.12268829345703,-36.66621780395508,-35.20974349975586,-33.75326919555664,-32.29679489135742,-30.840322494506836,-29.38385009765625,-27.92737579345703,-26.470901489257812,-25.014429092407227,-23.557954788208008,-22.101482391357422,-20.645008087158203,-19.188535690307617,-17.7320613861084,-16.27558708190918,-14.819114685058594,-13.362641334533691,-11.906167984008789,-10.44969367980957,-8.993220329284668,-7.536746978759766,-6.080273628234863,-4.623800277709961,-3.1673266887664795,-1.7108532190322876,-0.2543797492980957,1.2020937204360962,2.658567190170288,4.1150407791137695,5.571514129638672,7.027987480163574,8.484460830688477,9.940934181213379,11.397407531738281,12.8538818359375,14.310355186462402,15.766828536987305,17.22330093383789,18.67977523803711,20.136249542236328,21.592721939086914,23.049196243286133,24.50566864013672,25.962142944335938,27.418615341186523,28.875089645385742,30.33156394958496,31.788036346435547,33.244510650634766,34.700984954833984,36.15745544433594,37.613929748535156,39.070404052734375,40.526878356933594,41.98335266113281,43.439823150634766,44.896297454833984,46.3527717590332,47.80924606323242,49.265716552734375,50.722190856933594,52.17866516113281],"_type":"histogram","values":[1,0,0,0,0,0,0,0,2,0,0,0,1,0,1,0,0,1,0,1,2,1,1,1,1,0,1,1,94,1,0,0,0,2,0,0,1,1,1,0,0,1,0,0,0,0,0,0,0,1,1,0,0,0,0,0,0,0,0,0,1,0,0,1]},"_wandb":{"runtime":179},"gradients/model.lin4.weights":{"bins":[-39.113224029541016,-37.70924377441406,-36.30526351928711,-34.901283264160156,-33.4973030090332,-32.09332275390625,-30.689342498779297,-29.285362243652344,-27.88138198852539,-26.477399826049805,-25.07341957092285,-23.6694393157959,-22.265459060668945,-20.861478805541992,-19.45749855041504,-18.053518295288086,-16.649538040161133,-15.24555778503418,-13.841577529907227,-12.437597274780273,-11.03361701965332,-9.62963581085205,-8.225655555725098,-6.8216753005981445,-5.417695045471191,-4.013714790344238,-2.609734296798706,-1.2057539224624634,0.1982264518737793,1.602206826210022,3.0061872005462646,4.410167694091797,5.81414794921875,7.218128204345703,8.622108459472656,10.02608871459961,11.430068969726562,12.834050178527832,14.238030433654785,15.642010688781738,17.045989990234375,18.44997215270996,19.853952407836914,21.257932662963867,22.66191291809082,24.065893173217773,25.469873428344727,26.87385368347168,28.277833938598633,29.681814193725586,31.08579444885254,32.489776611328125,33.89375686645508,35.29773712158203,36.701717376708984,38.10569763183594,39.50967788696289,40.913658142089844,42.3176383972168,43.72161865234375,45.1255989074707,46.529579162597656,47.93355941772461,49.33753967285156,50.741519927978516],"_type":"histogram","values":[1,0,0,1,0,0,0,0,3,0,1,4,2,2,5,8,9,10,15,22,38,28,62,73,127,179,279,12477,416,156,113,84,67,36,29,29,22,19,10,14,11,12,5,6,4,3,2,4,4,2,1,0,1,0,0,1,0,0,1,0,1,0,0,1]},"gradients/model.lin1.biases":{"_type":"histogram","values":[1,0,0,1,0,0,1,0,0,0,0,0,2,0,0,0,0,0,0,0,6,1,0,4,84,2,4,1,2,0,1,1,1,1,0,1,1,1,0,1,0,0,0,0,0,0,0,0,0,2,0,0,0,0,0,0,0,0,0,0,0,0,0,1],"bins":[-0.9525685906410217,-0.9137433171272278,-0.8749180436134338,-0.8360927700996399,-0.797267496585846,-0.758442223072052,-0.7196169495582581,-0.6807916760444641,-0.6419663429260254,-0.6031410694122314,-0.5643157958984375,-0.5254905223846436,-0.4866652488708496,-0.44783997535705566,-0.4090147018432617,-0.3701894283294678,-0.33136415481567383,-0.2925388813018799,-0.25371360778808594,-0.2148883193731308,-0.17606304585933685,-0.1372377723455429,-0.09841249138116837,-0.05958721414208412,-0.020761936902999878,0.018063340336084366,0.05688861757516861,0.09571389853954315,0.1345391720533371,0.17336444556713104,0.21218973398208618,0.2510150074958801,0.28984034061431885,0.3286656141281128,0.36749088764190674,0.4063161611557007,0.44514143466949463,0.48396673798561096,0.5227919816970825,0.5616172552108765,0.6004425287246704,0.6392678618431091,0.6780931353569031,0.716918408870697,0.755743682384491,0.7945689558982849,0.8333942294120789,0.8722195029258728,0.9110447764396667,0.9498700499534607,0.9886953234672546,1.0275206565856934,1.0663459300994873,1.1051712036132812,1.1439964771270752,1.1828217506408691,1.221647024154663,1.260472297668457,1.299297571182251,1.338122844696045,1.3769481182098389,1.4157733917236328,1.4545986652374268,1.4934239387512207,1.5322492122650146]},"_runtime":179.078500606,"train_loss":-15.674512004294591,"gradients/model.lin5.weights":{"bins":[-95.79845428466797,-92.3734130859375,-88.94837188720703,-85.52333068847656,-82.0982894897461,-78.67324829101562,-75.24820709228516,-71.82316589355469,-68.39812469482422,-64.97308349609375,-61.54804229736328,-58.12300109863281,-54.697959899902344,-51.272918701171875,-47.847877502441406,-44.42283630371094,-40.99779510498047,-37.57275390625,-34.14771270751953,-30.722671508789062,-27.297630310058594,-23.872589111328125,-20.447547912597656,-17.022506713867188,-13.597465515136719,-10.17242431640625,-6.747383117675781,-3.3223419189453125,0.10269927978515625,3.527740478515625,6.952781677246094,10.377822875976562,13.8028564453125,17.22789764404297,20.652938842773438,24.077980041503906,27.503021240234375,30.928062438964844,34.35310363769531,37.77814483642578,41.20318603515625,44.62822723388672,48.05326843261719,51.478309631347656,54.903350830078125,58.328392028808594,61.75343322753906,65.17847442626953,68.603515625,72.02855682373047,75.45359802246094,78.8786392211914,82.30368041992188,85.72872161865234,89.15376281738281,92.57880401611328,96.00384521484375,99.42888641357422,102.85392761230469,106.27896881103516,109.70401000976562,113.1290512084961,116.55409240722656,119.97913360595703,123.4041748046875],"_type":"histogram","values":[2,0,0,0,0,0,1,0,2,1,0,3,3,1,1,2,0,1,5,1,1,1,1,0,1,0,0,384,42,0,1,0,1,0,1,2,1,0,2,0,2,1,1,2,1,2,1,1,2,2,2,0,1,0,0,0,0,0,0,0,0,0,0,1]},"_step":281,"epoch":280,"_timestamp":1.7524371300829437e+09,