{"_runtime":245.333752309,"_timestamp":1.7522483603280575e+09,"gradients/model.lin5.biases":{"values":[1,0,0,0,0,0,0,0,0,0,0,0,0,0,0,0,0,0,0,0,0,0,0,0,0,0,0,0,0,0,0,0,0,0,0,0,0,0,0,0,0,0,0,0,0,0,0,0,0,0,0,0,0,0,0,0,0,0,0,0,0,0,0,11],"bins":[-86.40374755859375,-85.04143524169922,-83.67913055419922,-82.31681823730469,-80.95451354980469,-79.59220123291016,-78.22989654541016,-76.86758422851562,-75.50527954101562,-74.1429672241211,-72.7806625366211,-71.41835021972656,-70.05604553222656,-68.69373321533203,-67.33142852783203,-65.9691162109375,-64.6068115234375,-63.24449920654297,-61.8821907043457,-60.51988220214844,-59.15757369995117,-57.795265197753906,-56.43295669555664,-55.070648193359375,-53.70833969116211,-52.346031188964844,-50.98372268676758,-49.62141418457031,-48.25910568237305,-46.89679718017578,-45.534488677978516,-44.17218017578125,-42.80986785888672,-41.44755935668945,-40.08525085449219,-38.72294235229492,-37.360633850097656,-35.99832534790039,-34.636016845703125,-33.27370834350586,-31.911399841308594,-30.549091339111328,-29.186782836914062,-27.824474334716797,-26.46216583251953,-25.099857330322266,-23.737548828125,-22.375240325927734,-21.01293182373047,-19.650623321533203,-18.288314819335938,-16.926006317138672,-15.56369686126709,-14.201388359069824,-12.839079856872559,-11.476771354675293,-10.114462852478027,-8.752154350280762,-7.389845371246338,-6.027536869049072,-4.665227890014648,-3.302919387817383,-1.9406108856201172,-0.5783022046089172,0.7840064167976379],"_type":"histogram"},"gradients/model.lin3.biases":{"bins":[-1.8785277605056763,-1.788548231124878,-1.6985688209533691,-1.6085892915725708,-1.5186097621917725,-1.4286302328109741,-1.3386507034301758,-1.248671293258667,-1.1586917638778687,-1.0687122344970703,-0.9787327647209167,-0.8887532949447632,-0.7987737655639648,-0.7087942361831665,-0.6188147664070129,-0.5288352966308594,-0.43885576725006104,-0.3488762676715851,-0.25889676809310913,-0.16891726851463318,-0.07893776893615723,0.011041730642318726,0.10102123022079468,0.19100072979927063,0.2809802293777466,0.37095972895622253,0.4609392285346985,0.550918698310852,0.6408982276916504,0.7308777570724487,0.8208572268486023,0.9108366966247559,1.0008163452148438,1.090795874595642,1.1807754039764404,1.2707548141479492,1.3607343435287476,1.450713872909546,1.5406932830810547,1.630672812461853,1.7206523418426514,1.8106318712234497,1.900611400604248,1.9905908107757568,2.0805702209472656,2.1705498695373535,2.2605292797088623,2.35050892829895,2.440488338470459,2.5304677486419678,2.6204473972320557,2.7104268074035645,2.8004064559936523,2.890385866165161,2.98036527633667,3.070344924926758,3.1603243350982666,3.2503037452697754,3.3402833938598633,3.430262804031372,3.520242214202881,3.6102218627929688,3.7002012729644775,3.7901809215545654,3.880160331726074],"_type":"histogram","values":[1,0,0,0,1,0,0,1,0,1,2,1,0,0,1,2,0,3,4,7,274,12,10,6,1,2,1,1,5,1,0,1,2,2,2,1,0,0,1,1,1,2,2,0,0,3,0,0,1,1,0,0,1,0,0,0,0,1,0,0,0,0,0,1]},"_step":385,"_wandb":{"runtime":245},"gradients/model.lin4.biases":{"bins":[-10.472868919372559,-10.123952865600586,-9.775035858154297,-9.426119804382324,-9.077202796936035,-8.728286743164062,-8.379369735717773,-8.0304536819458,-7.68153715133667,-7.332620620727539,-6.983704090118408,-6.634787559509277,-6.285871505737305,-5.936954975128174,-5.588038444519043,-5.239121913909912,-4.890205383300781,-4.54128885269165,-4.1923723220825195,-3.8434560298919678,-3.494539499282837,-3.145622968673706,-2.7967066764831543,-2.4477901458740234,-2.0988736152648926,-1.7499570846557617,-1.4010406732559204,-1.052124261856079,-0.7032077312469482,-0.35429126024246216,-0.005374789237976074,0.34354168176651,0.6924591064453125,1.0413756370544434,1.3902920484542847,1.739208459854126,2.088124990463257,2.4370415210723877,2.7859578132629395,3.1348743438720703,3.483790874481201,3.832707405090332,4.181623935699463,4.530540466308594,4.879456520080566,5.228373050689697,5.577289581298828,5.926206111907959,6.27512264251709,6.624039173126221,6.972955703735352,7.321872234344482,7.670788764953613,8.019704818725586,8.368621826171875,8.717537879943848,9.06645393371582,9.41537094116211,9.764286994934082,10.113204002380371,10.462120056152344,10.811037063598633,11.159953117370605,11.508870124816895,11.857786178588867],"_type":"histogram","values":[1,1,1,2,0,0,0,0,1,0,0,1,0,1,0,0,1,1,0,0,0,1,1,0,0,0,0,1,0,5,89,0,0,0,0,0,0,2,1,0,1,0,0,0,0,1,0,0,0,0,0,1,2,1,0,0,1,1,1,0,0,0,0,1]},"gradients/model.lin3.weights":{"_type":"histogram","values":[2,0,0,1,0,1,2,2,3,9,7,15,14,18,41,50,52,85,154,376,23736,1905,646,361,256,217,157,125,113,84,61,50,45,39,37,17,24,10,16,11,3,14,6,6,5,7,1,3,4,1,0,0,3,0,0,0,0,3,0,0,0,0,0,2],"bins":[-1.1292766332626343,-1.0754202604293823,-1.0215637683868408,-0.9677073359489441,-0.9138509035110474,-0.8599945306777954,-0.8061380982398987,-0.752281665802002,-0.6984252333641052,-0.6445688009262085,-0.5907123684883118,-0.536855936050415,-0.4829995334148407,-0.42914310097694397,-0.37528669834136963,-0.3214302659034729,-0.26757383346557617,-0.21371740102767944,-0.1598609834909439,-0.10600455850362778,-0.052148133516311646,0.001708291471004486,0.05556471645832062,0.10942114144563675,0.16327756643295288,0.2171339988708496,0.27099043130874634,0.3248468339443207,0.3787032663822174,0.43255969882011414,0.4864161014556885,0.5402725338935852,0.5941290855407715,0.6479855179786682,0.7018419504165649,0.7556983828544617,0.8095548152923584,0.8634111881256104,0.9172676205635071,0.9711240530014038,1.0249805450439453,1.0788369178771973,1.1326932907104492,1.1865497827529907,1.2404061555862427,1.2942626476287842,1.3481190204620361,1.4019755125045776,1.4558318853378296,1.5096882581710815,1.563544750213623,1.617401123046875,1.6712576150894165,1.7251139879226685,1.77897047996521,1.832826852798462,1.8866832256317139,1.9405397176742554,1.9943960905075073,2.048252582550049,2.102108955383301,2.1559653282165527,2.209821939468384,2.2636783123016357,2.3175346851348877]},"gradients/model.lin5.weights":{"_type":"histogram","values":[2,0,1,0,0,1,0,1,2,0,2,1,0,0,0,1,0,0,0,0,3,1,0,0,0,0,0,0,1,0,1,2,2,1,1,0,0,1,0,0,0,1,0,1,0,0,0,0,0,0,1,0,0,0,1,0,0,0,0,0,0,0,2,450],"bins":[-82.32252502441406,-81.0184555053711,-79.71439361572266,-78.41032409667969,-77.10625457763672,-75.80219268798828,-74.49812316894531,-73.19405364990234,-71.8899917602539,-70.58592224121094,-69.28185272216797,-67.97779083251953,-66.67372131347656,-65.3696517944336,-64.06558990478516,-62.76152038574219,-61.457454681396484,-60.15338897705078,-58.84931945800781,-57.54525375366211,-56.241188049316406,-54.93711853027344,-53.633052825927734,-52.32898712158203,-51.02491760253906,-49.72085189819336,-48.416786193847656,-47.11272048950195,-45.808650970458984,-44.50458526611328,-43.20051956176758,-41.89645004272461,-40.59238052368164,-39.28831481933594,-37.98424530029297,-36.680179595947266,-35.37611389160156,-34.07204818725586,-32.76797866821289,-31.463912963867188,-30.15984535217285,-28.85577964782715,-27.551712036132812,-26.247644424438477,-24.943578720092773,-23.639511108398438,-22.3354434967041,-21.0313777923584,-19.727310180664062,-18.42324447631836,-17.119176864624023,-15.815110206604004,-14.511042594909668,-13.206975936889648,-11.902909278869629,-10.59884262084961,-9.294775009155273,-7.990708351135254,-6.686641693115234,-5.382574558258057,-4.078507900238037,-2.7744407653808594,-1.4703739881515503,-0.16630709171295166,1.137759804725647]},"train_loss":-8.254046166849415,