{"gradients/model.lin3.biases":{"bins":[-1.1384648084640503,-1.1143475770950317,-1.0902303457260132,-1.0661131143569946,-1.0419960021972656,-1.017878770828247,-0.9937615394592285,-0.96964430809021,-0.9455270767211914,-0.9214099049568176,-0.8972926735877991,-0.8731754422187805,-0.849058210849762,-0.8249410390853882,-0.8008238077163696,-0.7767065763473511,-0.7525893449783325,-0.7284721732139587,-0.7043549418449402,-0.6802377104759216,-0.6561205387115479,-0.6320033073425293,-0.6078860759735107,-0.5837688446044922,-0.5596516728401184,-0.5355344414710999,-0.5114172101020813,-0.48730000853538513,-0.46318280696868896,-0.4390655755996704,-0.41494837403297424,-0.3908311426639557,-0.36671391129493713,-0.34259670972824097,-0.3184794783592224,-0.29436227679252625,-0.2702450454235077,-0.24612784385681152,-0.22201062738895416,-0.1978934109210968,-0.17377619445323944,-0.14965897798538208,-0.12554176151752472,-0.10142455250024796,-0.0773073360323906,-0.053190119564533234,-0.02907290682196617,-0.00495569221675396,0.019161522388458252,0.04327873885631561,0.06739595532417297,0.09151316434144974,0.1156303808093071,0.13974758982658386,0.16386480629444122,0.18798202276229858,0.21209923923015594,0.2362164556980133,0.2603336572647095,0.284450888633728,0.3085680902004242,0.33268532156944275,0.3568025231361389,0.38091975450515747,0.40503695607185364],"_type":"histogram","values":[1,0,0,0,0,0,0,0,0,0,0,0,0,0,0,0,0,0,0,0,1,0,0,0,0,0,1,1,0,3,1,1,4,2,3,1,1,1,7,2,4,5,7,2,4,5,4,263,2,4,1,1,4,4,2,0,0,3,5,4,1,2,2,1]},"train_loss":-2.1869533605742872,"gradients/model.lin3.weights":{"_type":"histogram","values":[2,0,0,0,0,0,3,1,1,0,1,1,0,0,0,3,2,2,1,0,5,4,3,8,0,10,16,20,28,30,42,54,47,94,112,180,271,380,554,826,1706,22723,535,323,234,163,108,86,47,55,44,24,25,7,7,3,1,2,0,2,3,0,0,1],"bins":[-0.7750562429428101,-0.75617915391922,-0.7373020052909851,-0.718424916267395,-0.6995477676391602,-0.6806706786155701,-0.66179358959198,-0.6429164409637451,-0.624039351940155,-0.6051622629165649,-0.5862851142883301,-0.56740802526474,-0.5485309362411499,-0.529653787612915,-0.510776698589325,-0.4918995797634125,-0.4730224609375,-0.4541453421115875,-0.43526822328567505,-0.41639113426208496,-0.3975140154361725,-0.37863689661026,-0.3597598075866699,-0.34088268876075745,-0.32200556993484497,-0.3031284511089325,-0.28425133228302,-0.26537424325942993,-0.24649712443351746,-0.22762000560760498,-0.2087429016828537,-0.18986579775810242,-0.17098867893218994,-0.15211156010627747,-0.13323445618152618,-0.1143573448061943,-0.09548023343086243,-0.07660312205553055,-0.05772601068019867,-0.03884889930486679,-0.019971787929534912,-0.0010946765542030334,0.017782434821128845,0.036659546196460724,0.0555366575717926,0.07441376894712448,0.09329088032245636,0.11216799169778824,0.13104510307312012,0.1499222218990326,0.16879932582378387,0.18767642974853516,0.20655354857444763,0.2254306674003601,0.2443077713251114,0.26318487524986267,0.28206199407577515,0.3009391129016876,0.3198162317276001,0.3386933207511902,0.35757043957710266,0.37644755840301514,0.3953246474266052,0.4142017662525177,0.4330788850784302]},"_timestamp":1.7522687932861574e+09,"_runtime":265.073221973,"_step":353,"_wandb":{"runtime":265},"epoch":352,"gradients/model.lin1.weights":{"_type":"histogram","values":[1,2,0,0,0,0,0,1,0,0,2,1,1,2,0,0,0,0,0,4,1,3,0,3,5,8,14,2,31,456,3,16,4,6,2,6,4,0,5,1,2,3,0,1,0,1,0,2,0,1,0,0,1,0,1,1,1,0,0,0,0,1,0,1],"bins":[-1.5873825550079346,-1.5336848497390747,-1.4799870252609253,-1.4262893199920654,-1.372591495513916,-1.3188937902450562,-1.2651960849761963,-1.2114982604980469,-1.157800555229187,-1.1041028499603271,-1.0504050254821777,-0.9967073202133179,-0.9430095553398132,-0.8893117904663086,-0.8356140851974487,-0.7819163203239441,-0.7282185554504395,-0.6745207905769348,-0.6208230257034302,-0.5671253204345703,-0.5134275555610657,-0.45972979068756104,-0.4060320556163788,-0.35233432054519653,-0.2986365556716919,-0.24493880569934845,-0.191241055727005,-0.13754330575466156,-0.08384555578231812,-0.03014780580997467,0.023549944162368774,0.07724769413471222,0.13094544410705566,0.1846431940793991,0.23834094405174255,0.2920386791229248,0.34573644399642944,0.3994342088699341,0.45313194394111633,0.5068296790122986,0.5605274438858032,0.6142252087593079,0.6679229736328125,0.7216206789016724,0.775318443775177,0.8290162086486816,0.8827139139175415,0.9364116787910461,0.9901094436645508,1.0438071489334106,1.09750497341156,1.15120267868042,1.2049005031585693,1.2585982084274292,1.312295913696289,1.3659937381744385,1.4196914434432983,1.4733891487121582,1.5270869731903076,1.5807846784591675,1.6344823837280273,1.6881802082061768,1.7418779134750366,1.795575737953186,1.849273443222046]},"gradients/model.lin1.biases":{"_type":"histogram","values":[2,0,0,0,0,0,0,0,0,0,0,1,0,0,0,1,1,0,0,0,0,0,0,0,0,0,0,1,0,1,1,0,0,1,1,90,4,1,3,1,3,3,0,1,0,0,0,0,0,1,0,0,0,1,0,0,0,0,0,0,0,0,1,1],"bins":[-1.3834444284439087,-1.344833493232727,-1.3062225580215454,-1.2676116228103638,-1.2290005683898926,-1.190389633178711,-1.1517786979675293,-1.1131677627563477,-1.074556827545166,-1.0359458923339844,-0.9973349571228027,-0.9587239623069763,-0.9201130270957947,-0.881502091884613,-0.8428910970687866,-0.804280161857605,-0.7656692266464233,-0.7270582914352417,-0.6884473562240601,-0.6498363614082336,-0.611225426197052,-0.5726144909858704,-0.534003496170044,-0.4953925609588623,-0.45678162574768066,-0.418170690536499,-0.379559725522995,-0.34094876050949097,-0.3023378252983093,-0.2637268900871277,-0.22511592507362366,-0.18650497496128082,-0.14789390563964844,-0.1092829555273056,-0.07067200541496277,-0.032061055302619934,0.0065498948097229,0.045160844922065735,0.08377179503440857,0.1223827451467514,0.16099369525909424,0.19960464537143707,0.2382155954837799,0.27682656049728394,0.3154374957084656,0.3540484309196472,0.39265939593315125,0.4312703609466553,0.4698812961578369,0.5084922313690186,0.5471031665802002,0.5857141613960266,0.6243250966072083,0.6629360318183899,0.7015470266342163,0.740157961845398,0.7787688970565796,0.8173798322677612,0.8559907674789429,0.8946017622947693,0.9332126975059509,0.9718236327171326,1.010434627532959,1.0490455627441406,1.0876564979553223]},"gradients/model.lin4.weights":{"bins":[-0.535236120223999,-0.5184370279312134,-0.5016379356384277,-0.4848388433456421,-0.46803975105285645,-0.4512406289577484,-0.43444153666496277,-0.4176424443721771,-0.4008433520793915,-0.38404425978660583,-0.3672451674938202,-0.35044607520103455,-0.3336469531059265,-0.31684786081314087,-0.3000487685203552,-0.2832496762275696,-0.26645058393478394,-0.2496514916419983,-0.23285239934921265,-0.2160532921552658,-0.19925419986248016,-0.18245510756969452,-0.16565600037574768,-0.14885690808296204,-0.1320578157901764,-0.11525872349739075,-0.0984596237540245,-0.08166052401065826,-0.06486143171787262,-0.04806233569979668,-0.031263239681720734,-0.01446414366364479,0.0023349523544311523,0.019134048372507095,0.03593314439058304,0.05273224040865898,0.06953133642673492,0.08633042871952057,0.10312952846288681,0.11992862820625305,0.1367277204990387,0.15352681279182434,0.17032590508460999,0.18712501227855682,0.20392410457134247,0.2207231968641281,0.23752230405807495,0.2543213963508606,0.27112048864364624,0.2879195809364319,0.30471867322921753,0.3215177655220032,0.3383168578147888,0.35511597990989685,0.3719150722026825,0.38871416449546814,0.4055132567882538,0.42231234908103943,0.4391114413738251,0.4559105336666107,0.47270965576171875,0.4895087480545044,0.50630784034729,0.5231069326400757,0.5399060249328613],"_type":"histogram","values":[3,2,5,2,3,4,0,3,7,3,8,8,6,5,11,12,10,20,26,29,32,36,38,46,69,84,87,114,162,187,250,11343,264,168,138,144,131,123,100,71,79,93,88,64,67,44,27,24,23,16,17,17,15,15,11,3,10,10,5,7,6,3,0,2]},"gradients/model.lin2.weights":{"_type":"histogram","values":[1,0,0,1,0,0,0,0,0,1,0,0,3,1,1,1,2,1,4,7,7,5,12,10,24,24,29,28,46,40,64,116,256,8176,324,103,57,53,34,28,16,21,20,13,10,16,9,8,2,2,5,1,5,3,2,2,1,0,0,1,0,1,1,2],