{"gradients/model.lin2.weights":{"bins":[-0.15821784734725952,-0.1498158723115921,-0.14141389727592468,-0.13301192224025726,-0.12460993975400925,-0.11620796471834183,-0.10780598223209381,-0.09940400719642639,-0.09100203216075897,-0.08260005712509155,-0.07419808208942413,-0.06579609960317612,-0.0573941245675087,-0.04899214953184128,-0.04059017077088356,-0.03218819200992584,-0.023786216974258423,-0.015384240075945854,-0.0069822631776332855,0.0014197137206792831,0.009821690618991852,0.01822366751730442,0.02662564441561699,0.03502762317657471,0.043429598212242126,0.051831573247909546,0.060233552008867264,0.06863553076982498,0.0770375058054924,0.08543948084115982,0.09384146332740784,0.10224343836307526,0.11064538359642029,0.11904735863208771,0.12744933366775513,0.13585130870342255,0.14425328373908997,0.15265527367591858,0.161057248711586,0.16945922374725342,0.17786119878292084,0.18626317381858826,0.19466514885425568,0.2030671238899231,0.2114691138267517,0.21987108886241913,0.22827306389808655,0.23667503893375397,0.2450770139694214,0.25347900390625,0.2618809640407562,0.27028295397758484,0.27868491411209106,0.2870869040489197,0.2954888641834259,0.3038908541202545,0.31229281425476074,0.32069480419158936,0.32909679412841797,0.3374987542629242,0.3459007441997528,0.35430270433425903,0.36270469427108765,0.37110665440559387,0.3795086443424225],"_type":"histogram","values":[1,0,1,1,2,1,6,4,9,11,9,14,36,52,69,111,180,312,7192,513,371,250,147,95,54,36,32,26,13,9,7,2,3,3,2,0,5,4,3,1,2,3,0,2,2,0,0,1,0,0,0,0,0,0,0,1,0,0,0,1,0,0,0,1]},"gradients/model.lin5.weights":{"_type":"histogram","values":[1,1,0,0,0,2,1,2,0,3,4,8,6,4,5,2,2,1,8,380,0,2,2,1,5,2,3,5,2,0,4,0,1,1,0,0,1,3,0,4,0,4,0,0,0,0,0,0,2,2,0,0,1,1,0,0,1,1,0,0,0,0,0,2],"bins":[-0.2374265193939209,-0.22551977634429932,-0.21361303329467773,-0.20170629024505615,-0.18979954719543457,-0.177892804145813,-0.1659860610961914,-0.15407931804656982,-0.14217257499694824,-0.13026581704616547,-0.11835908144712448,-0.1064523383975029,-0.09454558789730072,-0.08263884484767914,-0.07073210179805756,-0.058825358748435974,-0.04691861569881439,-0.03501187264919281,-0.02310512773692608,-0.011198383755981922,0.0007083602249622345,0.012615104205906391,0.024521848186850548,0.03642859309911728,0.04833533614873886,0.06024207919836044,0.07214882224798203,0.08405556529760361,0.09596231579780579,0.10786905884742737,0.11977580189704895,0.13168254494667053,0.14358928799629211,0.1554960310459137,0.16740277409553528,0.17930951714515686,0.19121626019477844,0.20312300324440002,0.2150297462940216,0.2269364893436432,0.23884323239326477,0.25074997544288635,0.26265671849250793,0.2745634615421295,0.2864702045917511,0.2983769476413727,0.31028369069099426,0.32219043374061584,0.3340972065925598,0.3460039496421814,0.357910692691803,0.36981743574142456,0.38172417879104614,0.3936309218406677,0.4055376648902893,0.4174444079399109,0.42935115098953247,0.44125789403915405,0.45316463708877563,0.4650713801383972,0.4769781231880188,0.4888848662376404,0.500791609287262,0.5126983523368835,0.5246050953865051]},"gradients/model.lin2.biases":{"bins":[-0.14760009944438934,-0.14076578617095947,-0.1339314579963684,-0.12709714472293854,-0.12026283144950867,-0.1134285107254982,-0.10659419000148773,-0.09975987672805786,-0.0929255560040474,-0.08609123528003693,-0.07925692200660706,-0.07242260128259659,-0.06558828055858612,-0.05875396728515625,-0.05191964656114578,-0.04508532956242561,-0.038251012563705444,-0.031416695564985275,-0.024582376703619957,-0.01774805784225464,-0.01091374084353447,-0.004079422913491726,0.0027548950165510178,0.009589212946593761,0.016423530876636505,0.023257847875356674,0.030092166736721992,0.03692648559808731,0.04376080259680748,0.05059511959552765,0.057429440319538116,0.06426375359296799,0.07109808921813965,0.07793240994215012,0.08476672321557999,0.09160104393959045,0.09843535721302032,0.10526967793703079,0.11210399866104126,0.11893831193447113,0.125772625207901,0.13260695338249207,0.13944126665592194,0.1462755799293518,0.15310990810394287,0.15994422137737274,0.1667785346508026,0.17361286282539368,0.18044717609882355,0.18728148937225342,0.19411581754684448,0.20095013082027435,0.20778444409370422,0.2146187722682953,0.22145308554172516,0.22828739881515503,0.2351217269897461,0.24195604026317596,0.24879035353660583,0.2556246817111969,0.2624589800834656,0.26929330825805664,0.2761276364326477,0.2829619348049164,0.28979626297950745],"_type":"histogram","values":[1,0,0,0,1,0,0,2,1,0,0,1,1,2,2,3,3,0,0,4,6,168,3,5,10,2,2,2,4,3,3,1,0,3,0,2,0,0,0,1,0,0,0,0,1,1,1,0,0,0,0,0,0,0,0,0,0,0,0,0,0,0,0,1]},"gradients/model.lin3.biases":{"_type":"histogram","values":[1,0,0,0,0,0,0,0,0,0,0,0,0,0,1,0,1,0,2,0,0,1,1,3,1,0,1,3,2,3,1,3,2,3,1,5,257,4,5,5,3,8,2,6,3,5,2,5,3,3,3,2,2,2,1,0,1,0,0,1,0,0,0,2],"bins":[-0.12489476799964905,-0.12147825211286545,-0.11806173622608185,-0.11464521288871765,-0.11122869700193405,-0.10781218111515045,-0.10439565777778625,-0.10097914189100266,-0.09756262600421906,-0.09414611011743546,-0.09072959423065186,-0.08731307089328766,-0.08389655500650406,-0.08048003911972046,-0.07706351578235626,-0.07364699989557266,-0.07023048400878906,-0.06681396812200546,-0.06339745223522186,-0.059980928897857666,-0.056564413011074066,-0.053147897124290466,-0.04973137751221657,-0.04631485790014267,-0.04289834201335907,-0.03948182612657547,-0.03606530651450157,-0.03264878690242767,-0.029232271015644073,-0.025815753266215324,-0.022399235516786575,-0.018982717767357826,-0.015566200017929077,-0.012149682268500328,-0.008733164519071579,-0.00531664676964283,-0.0019001290202140808,0.0015163887292146683,0.004932906478643417,0.008349424228072166,0.011765941977500916,0.015182459726929665,0.018598977476358414,0.022015495225787163,0.025432012975215912,0.02884853072464466,0.03226504847407341,0.03568156808614731,0.03909808397293091,0.04251459985971451,0.045931119471788406,0.049347639083862305,0.052764154970645905,0.056180670857429504,0.0595971904695034,0.0630137100815773,0.0664302259683609,0.0698467418551445,0.0732632577419281,0.0766797810792923,0.0800962969660759,0.0835128128528595,0.0869293361902237,0.0903458520770073,0.0937623679637909]},"test_loss":0.33289047136698685,"gradients/model.lin1.biases":{"values":[1,1,0,0,0,0,1,0,0,1,0,0,0,0,1,1,0,1,1,0,0,0,1,0,0,4,2,0,0,1,0,1,0,2,0,80,0,1,2,1,2,0,2,0,0,1,1,1,3,1,0,2,0,0,0,0,0,1,1,1,0,0,0,1],"bins":[-0.16736947000026703,-0.16259674727916718,-0.15782400965690613,-0.15305128693580627,-0.14827856421470642,-0.14350582659244537,-0.13873310387134552,-0.13396036624908447,-0.12918764352798462,-0.12441491335630417,-0.11964218318462372,-0.11486946046352386,-0.11009673029184341,-0.10532400012016296,-0.10055127739906311,-0.09577854722738266,-0.09100581705570221,-0.08623308688402176,-0.08146035671234131,-0.07668763399124146,-0.071914903819561,-0.06714217364788055,-0.0623694472014904,-0.05759672075510025,-0.0528239905834198,-0.04805126041173935,-0.0432785339653492,-0.038505807518959045,-0.033733077347278595,-0.028960349038243294,-0.024187620729207993,-0.01941489242017269,-0.014642179012298584,-0.009869450703263283,-0.005096722394227982,-0.00032399408519268036,0.004448734223842621,0.009221462532877922,0.013994190841913223,0.018766919150948524,0.023539647459983826,0.028312375769019127,0.03308510407805443,0.03785783052444458,0.04263056069612503,0.04740329086780548,0.05217601731419563,0.056948743760585785,0.061721473932266235,0.06649420410394669,0.07126693427562714,0.07603965699672699,0.08081238716840744,0.08558511734008789,0.09035784006118774,0.0951305702328682,0.09990330040454865,0.1046760305762291,0.10944876074790955,0.1142214834690094,0.11899421364068985,0.1237669438123703,0.12853966653347015,0.1333124041557312,0.13808512687683105],"_type":"histogram"},"gradients/model.lin4.weights":{"_type":"histogram","values":[1,0,0,2,3,2,1,5,1,2,10,7,6,14,10,20,18,15,20,24,25,40,33,40,39,39,59,105,148,290,11868,226,198,155,150,133,111,105,71,66,57,50,39,31,30,26,14,19,17,12,9,8,4,5,5,4,1,0,2,0,1,3,0,1],