{"gradients/model.lin2.biases":{"values":[1,0,0,0,1,0,2,0,0,0,6,0,3,1,1,2,1,3,1,3,3,1,3,2,1,2,164,4,3,2,2,3,2,1,1,1,3,3,1,2,0,1,3,1,2,0,0,1,0,1,0,1,0,0,0,0,0,0,0,0,0,0,0,1],"bins":[-0.10976650565862656,-0.1056368499994278,-0.10150720179080963,-0.09737754613161087,-0.09324789047241211,-0.08911824226379395,-0.08498858660459518,-0.08085893094539642,-0.07672928273677826,-0.0725996270775795,-0.06846997141838074,-0.06434031575918198,-0.06021066755056381,-0.05608101189136505,-0.05195135995745659,-0.04782170429825783,-0.043692052364349365,-0.0395624004304409,-0.03543274477124214,-0.03130309283733368,-0.027173439040780067,-0.023043785244226456,-0.018914133310317993,-0.014784479513764381,-0.01065482571721077,-0.006525172386318445,-0.0023955190554261208,0.0017341342754662037,0.005863787606358528,0.00999344140291214,0.014123094268143177,0.018252747133374214,0.022382408380508423,0.026512062177062035,0.030641715973615646,0.03477136790752411,0.03890102356672287,0.04303067550063133,0.047160327434539795,0.051289983093738556,0.05541963502764702,0.05954928696155548,0.06367894262075424,0.067808598279953,0.07193824648857117,0.07606790214776993,0.08019755780696869,0.08432720601558685,0.08845686167478561,0.09258651733398438,0.09671616554260254,0.1008458212018013,0.10497547686100006,0.10910512506961823,0.11323478072881699,0.11736443638801575,0.12149408459663391,0.12562374770641327,0.12975339591503143,0.1338830441236496,0.13801270723342896,0.14214235544204712,0.14627200365066528,0.15040166676044464,0.1545313149690628],"_type":"histogram"},"epoch":176,"_timestamp":1.7522675199716115e+09,"gradients/model.lin5.biases":{"values":[10,0,0,0,0,0,0,0,0,0,0,0,0,0,0,0,0,0,0,0,0,0,0,0,0,0,0,0,0,0,0,0,0,0,0,0,0,1,0,0,0,0,0,0,0,0,0,0,0,0,0,0,0,0,0,0,0,0,0,0,0,0,0,1],"bins":[0,0.003468121634796262,0.006936243269592524,0.010404365137219429,0.013872486539185047,0.017340607941150665,0.020808730274438858,0.0242768507450819,0.027744973078370094,0.031213095411658287,0.03468121588230133,0.03814933821558952,0.041617460548877716,0.04508558288216591,0.0485537014901638,0.052021823823451996,0.05548994615674019,0.05895806849002838,0.062426190823316574,0.06589431315660477,0.06936243176460266,0.07283055782318115,0.07629867643117905,0.07976679503917694,0.08323492109775543,0.08670303970575333,0.09017116576433182,0.09363928437232971,0.0971074029803276,0.1005755290389061,0.10404364764690399,0.10751177370548248,0.11097989231348038,0.11444801092147827,0.11791613698005676,0.12138425558805466,0.12485238164663315,0.12832050025463104,0.13178862631320953,0.13525673747062683,0.13872486352920532,0.1421929895877838,0.1456611156463623,0.1491292268037796,0.1525973528623581,0.15606547892093658,0.15953359007835388,0.16300171613693237,0.16646984219551086,0.16993795335292816,0.17340607941150665,0.17687420547008514,0.18034233152866364,0.18381044268608093,0.18727856874465942,0.19074669480323792,0.1942148059606552,0.1976829320192337,0.2011510580778122,0.2046191692352295,0.20808729529380798,0.21155542135238647,0.21502354741096497,0.21849165856838226,0.22195978462696075],"_type":"histogram"},"train_loss":-1.696839449698465,"test_rmse":1.3265796212863608,"_wandb":{"runtime":130},"_step":177,"gradients/model.lin1.weights":{"values":[1,0,0,0,0,0,0,0,0,0,1,0,0,0,0,2,1,0,2,3,3,1,2,4,0,1,0,4,7,5,8,12,9,16,418,19,13,8,10,12,9,5,4,2,4,1,4,1,2,1,0,2,1,0,0,0,1,0,0,0,0,0,0,1],"bins":[-0.4450618624687195,-0.43229737877845764,-0.4195328652858734,-0.4067683815956116,-0.39400386810302734,-0.3812393844127655,-0.36847490072250366,-0.35571038722991943,-0.3429459035396576,-0.33018139004707336,-0.3174169063568115,-0.3046524226665497,-0.29188790917396545,-0.2791234254837036,-0.2663589119911194,-0.25359442830085754,-0.2408299297094345,-0.22806543111801147,-0.21530093252658844,-0.2025364488363266,-0.18977195024490356,-0.17700745165348053,-0.1642429530620575,-0.15147845447063446,-0.13871395587921143,-0.12594947218894958,-0.11318497359752655,-0.10042047500610352,-0.08765597641468048,-0.07489148527383804,-0.06212698668241501,-0.04936249181628227,-0.036597996950149536,-0.0238335020840168,-0.011069005355238914,0.0016954904422163963,0.014459986239671707,0.027224481105804443,0.03998897969722748,0.052753474563360214,0.06551796942949295,0.07828246802091599,0.09104695916175842,0.10381145775318146,0.11657595634460449,0.12934045493602753,0.14210493862628937,0.1548694372177124,0.16763393580913544,0.18039843440055847,0.1931629329919815,0.20592741668224335,0.21869191527366638,0.23145641386508942,0.24422091245651245,0.2569853961467743,0.2697499096393585,0.28251439332962036,0.2952789068222046,0.30804339051246643,0.32080787420272827,0.3335723876953125,0.34633687138557434,0.35910138487815857,0.3718658685684204],"_type":"histogram"},"gradients/model.lin5.weights":{"values":[1,0,0,1,0,0,1,412,0,6,6,1,3,1,1,1,0,4,3,0,2,0,4,3,5,0,1,1,2,0,0,4,1,2,1,1,1,0,0,1,0,0,0,1,2,0,1,1,0,0,1,0,2,0,1,0,0,0,0,0,0,0,0,1],"bins":[-0.040392860770225525,-0.03507675230503082,-0.02976064756512642,-0.024444540962576866,-0.019128434360027313,-0.01381232775747776,-0.008496221154928207,-0.0031801145523786545,0.0021359920501708984,0.007452098652720451,0.012768205255270004,0.018084311857819557,0.02340041846036911,0.028716525062918663,0.034032631665468216,0.03934873640537262,0.04466484487056732,0.049980953335762024,0.05529705807566643,0.06061316281557083,0.06592927128076553,0.07124537974596024,0.07656148076057434,0.08187758922576904,0.08719369769096375,0.09250980615615845,0.09782591462135315,0.10314201563596725,0.10845812410116196,0.11377423256635666,0.11909033358097076,0.12440644204616547,0.12972253561019897,0.13503864407539368,0.14035475254058838,0.14567086100578308,0.15098696947097778,0.1563030630350113,0.161619171500206,0.1669352799654007,0.1722513884305954,0.1775674968957901,0.1828836053609848,0.1881997138261795,0.193515807390213,0.19883191585540771,0.20414802432060242,0.20946413278579712,0.21478024125099182,0.22009634971618652,0.22541245818138123,0.23072856664657593,0.23604467511177063,0.24136076867580414,0.24667687714099884,0.25199300050735474,0.25730907917022705,0.26262518763542175,0.26794129610061646,0.27325740456581116,0.27857351303100586,0.28388962149620056,0.28920572996139526,0.29452183842658997,0.29983794689178467],"_type":"histogram"},"gradients/model.lin4.biases":{"_type":"histogram","values":[2,1,1,1,2,0,1,0,1,1,1,0,1,0,0,0,0,1,0,0,1,1,4,3,0,85,2,0,0,0,1,0,2,0,1,1,0,1,0,0,1,0,0,1,0,1,1,0,0,0,0,0,0,0,0,0,0,0,0,0,0,0,0,1],"bins":[-0.05758019536733627,-0.055303506553173065,-0.05302681773900986,-0.05075012519955635,-0.04847343638539314,-0.046196747571229935,-0.04392005503177643,-0.04164336621761322,-0.03936667740345001,-0.037089988589286804,-0.034813299775123596,-0.03253660723567009,-0.03025991842150688,-0.027983229607343674,-0.025706538930535316,-0.02342984825372696,-0.02115315943956375,-0.018876470625400543,-0.016599779948592186,-0.014323090203106403,-0.01204640045762062,-0.009769710712134838,-0.0074930209666490555,-0.005216331221163273,-0.0029396414756774902,-0.0006629517301917076,0.001613738015294075,0.0038904277607798576,0.00616711750626564,0.008443807251751423,0.010720496997237206,0.012997186742722988,0.015273883938789368,0.017550572752952576,0.019827263429760933,0.02210395410656929,0.024380642920732498,0.026657331734895706,0.028934022411704063,0.03121071308851242,0.03348740190267563,0.03576409071683884,0.038040779531002045,0.04031747207045555,0.04259416088461876,0.04487084969878197,0.047147542238235474,0.04942423105239868,0.05170091986656189,0.0539776086807251,0.056254297494888306,0.05853099003434181,0.06080767884850502,0.06308437138795853,0.06536106020212173,0.06763774901628494,0.06991443783044815,0.07219112664461136,0.07446781545877457,0.07674450427293777,0.07902120053768158,0.08129788935184479,0.083574578166008,0.0858512669801712,0.08812795579433441]},