{"gradients/model.lin4.weights":{"_type":"histogram","values":[1,0,1,1,1,4,2,0,3,5,2,3,3,6,7,7,9,7,18,14,21,17,23,20,20,21,35,48,58,59,51,59,101,12756,185,118,128,102,110,84,62,53,42,25,27,17,15,13,7,6,7,4,2,3,0,1,2,0,1,0,2,0,0,1],"bins":[-23.899532318115234,-23.195127487182617,-22.49072265625,-21.78631591796875,-21.081911087036133,-20.377506256103516,-19.6731014251709,-18.96869468688965,-18.26428985595703,-17.559885025024414,-16.855480194091797,-16.15107536315918,-15.446669578552246,-14.742263793945312,-14.037858963012695,-13.333453178405762,-12.629048347473145,-11.924643516540527,-11.220237731933594,-10.515832901000977,-9.811427116394043,-9.107022285461426,-8.402616500854492,-7.698211669921875,-6.9938063621521,-6.289401054382324,-5.584995746612549,-4.880590438842773,-4.176185607910156,-3.4717800617218018,-2.7673749923706055,-2.06296968460083,-1.3585643768310547,-0.6541591286659241,0.05024611949920654,0.7546513676643372,1.4590566158294678,2.163461923599243,2.8678669929504395,3.572272300720215,4.27667760848999,4.981082916259766,5.685488224029541,6.389893531799316,7.094298362731934,7.798703670501709,8.503108978271484,9.207514762878418,9.911919593811035,10.616324424743652,11.320730209350586,12.025135040283203,12.729540824890137,13.433945655822754,14.138351440429688,14.842756271362305,15.547161102294922,16.25156593322754,16.95597267150879,17.660377502441406,18.364782333374023,19.06918716430664,19.77359390258789,20.477998733520508,21.182403564453125]},"gradients/model.lin2.biases":{"_type":"histogram","values":[1,0,0,0,0,0,1,0,0,0,1,0,0,1,0,0,1,4,0,0,0,1,1,1,0,0,1,5,201,3,0,0,0,3,2,0,0,0,1,1,0,1,2,0,0,2,1,2,0,0,1,0,1,0,0,0,0,0,0,0,0,0,0,1],"bins":[-8.367998123168945,-8.070502281188965,-7.773005962371826,-7.475510120391846,-7.178013801574707,-6.880517959594727,-6.583021640777588,-6.285525798797607,-5.988029479980469,-5.690533638000488,-5.393037796020508,-5.095541477203369,-4.798045635223389,-4.50054931640625,-4.2030534744262695,-3.90555739402771,-3.6080613136291504,-3.310565233230591,-3.0130691528320312,-2.7155730724334717,-2.418076992034912,-2.1205811500549316,-1.823085069656372,-1.5255889892578125,-1.228092908859253,-0.9305968284606934,-0.6331008076667786,-0.3356047570705414,-0.0381087064743042,0.259387344121933,0.5568833947181702,0.854379415512085,1.1518754959106445,1.449371576309204,1.7468676567077637,2.0443637371063232,2.341859817504883,2.6393556594848633,2.936851739883423,3.2343478202819824,3.531843900680542,3.8293399810791016,4.126835823059082,4.424332141876221,4.721827983856201,5.01932430267334,5.31682014465332,5.614316463470459,5.9118123054504395,6.20930814743042,6.506804466247559,6.804300308227539,7.101796627044678,7.399292469024658,7.696788787841797,7.994284629821777,8.291780471801758,8.589276313781738,8.886773109436035,9.184268951416016,9.481764793395996,9.779260635375977,10.076757431030273,10.374253273010254,10.671749114990234]},"gradients/model.lin5.weights":{"values":[432,0,1,1,0,3,1,2,6,0,5,4,1,1,0,0,0,0,0,1,0,0,0,0,1,0,1,0,1,0,0,0,0,0,0,1,0,0,2,0,1,1,1,1,1,2,0,0,0,0,0,0,2,3,1,0,0,0,0,1,0,0,1,1],"bins":[0,3.7692155838012695,7.538431167602539,11.307646751403809,15.076862335205078,18.84607696533203,22.615293502807617,26.384510040283203,30.153724670410156,33.92293930053711,37.69215393066406,41.46137237548828,45.230587005615234,48.99980163574219,52.769020080566406,56.53823471069336,60.30744934082031,64.07666778564453,67.84587860107422,71.61509704589844,75.38430786132812,79.15352630615234,82.92274475097656,86.69195556640625,90.46117401123047,94.23039245605469,97.99960327148438,101.7688217163086,105.53804016113281,109.3072509765625,113.07646942138672,116.8456802368164,120.61489868164062,124.38411712646484,128.15333557128906,131.92254638671875,135.69175720214844,139.4609832763672,143.23019409179688,146.99940490722656,150.76861572265625,154.537841796875,158.3070526123047,162.07626342773438,165.84548950195312,169.6147003173828,173.3839111328125,177.15313720703125,180.92234802246094,184.69155883789062,188.46078491210938,192.22999572753906,195.99920654296875,199.7684326171875,203.5376434326172,207.30685424804688,211.07608032226562,214.8452911376953,218.614501953125,222.3837127685547,226.15293884277344,229.92214965820312,233.6913604736328,237.46058654785156,241.22979736328125],"_type":"histogram"},"gradients/model.lin1.biases":{"_type":"histogram","values":[1,0,1,0,0,0,0,0,1,0,0,0,0,0,0,0,0,1,2,0,0,1,2,2,3,92,3,1,0,1,0,0,2,1,1,0,0,0,0,0,0,0,0,0,0,0,0,0,0,0,2,0,0,0,0,1,0,1,0,0,0,0,0,1],"bins":[-3.367828607559204,-3.233503818511963,-3.0991790294647217,-2.9648540019989014,-2.83052921295166,-2.696204423904419,-2.5618796348571777,-2.4275548458099365,-2.2932300567626953,-2.158905029296875,-2.024580240249634,-1.8902554512023926,-1.7559306621551514,-1.6216057538986206,-1.4872809648513794,-1.3529560565948486,-1.2186312675476074,-1.0843064785003662,-0.9499815702438354,-0.8156567811965942,-0.6813319325447083,-0.5470070838928223,-0.41268226504325867,-0.27835744619369507,-0.14403259754180908,-0.00970776379108429,0.1246170699596405,0.2589418888092041,0.3932667374610901,0.5275915861129761,0.6619163751602173,0.7962412238121033,0.9305658340454102,1.0648906230926514,1.1992155313491821,1.3335403203964233,1.467865228652954,1.6021900177001953,1.7365148067474365,1.8708397150039673,2.005164623260498,2.1394894123077393,2.2738142013549805,2.4081389904022217,2.542463779449463,2.676788568496704,2.8111135959625244,2.9454383850097656,3.079763174057007,3.214087963104248,3.3484127521514893,3.4827377796173096,3.617062568664551,3.751387357711792,3.885712146759033,4.0200371742248535,4.154361724853516,4.288686752319336,4.423011302947998,4.557336330413818,4.691661357879639,4.825985908508301,4.960310935974121,5.094635486602783,5.2289605140686035]},"gradients/model.lin3.weights":{"_type":"histogram","values":[1,1,0,0,0,2,0,2,1,0,0,1,2,0,1,2,0,1,5,4,7,6,8,11,17,18,25,44,41,55,88,153,280,26648,556,239,156,113,94,60,44,23,21,18,8,7,4,6,5,3,3,2,1,3,1,1,2,2,1,1,1,0,0,1],"bins":[-7.470383167266846,-7.2496724128723145,-7.028961658477783,-6.808250904083252,-6.587540149688721,-6.3668293952941895,-6.1461181640625,-5.925407409667969,-5.7046966552734375,-5.483985900878906,-5.263275146484375,-5.042564392089844,-4.8218536376953125,-4.601142883300781,-4.38043212890625,-4.159721374511719,-3.9390103816986084,-3.718299627304077,-3.497588872909546,-3.2768778800964355,-3.0561671257019043,-2.835456371307373,-2.614745616912842,-2.3940348625183105,-2.1733241081237793,-1.9526132345199585,-1.7319023609161377,-1.5111916065216064,-1.2904808521270752,-1.0697699785232544,-0.8490592241287231,-0.6283484101295471,-0.4076375961303711,-0.18692679703235626,0.03378400206565857,0.2544947862625122,0.47520560026168823,0.6959164142608643,0.9166271686553955,1.1373380422592163,1.3580487966537476,1.5787595510482788,1.7994704246520996,2.020181179046631,2.240891933441162,2.4616026878356934,2.6823136806488037,2.903024435043335,3.123735189437866,3.3444459438323975,3.5651566982269287,3.785867691040039,4.00657844543457,4.227289199829102,4.447999954223633,4.668710708618164,4.889421463012695,5.110132217407227,5.330842971801758,5.551554203033447,5.7722649574279785,5.99297571182251,6.213686466217041,6.434397220611572,6.6551079750061035]},"gradients/model.lin1.weights":{"_type":"histogram","values":[1,0,0,0,0,0,0,0,1,1,0,1,1,1,0,0,0,0,0,2,1,1,1,0,1,0,0,0,1,2,4,1,5,4,3,7,10,16,580,22,10,6,4,6,4,1,4,2,1,1,2,1,1,1,2,1,1,1,1,0,1,0,1,1],