{"train_loss":-2.1687688102499085,"_step":499,"gradients/model.lin5.biases":{"_type":"histogram","values":[1,0,0,0,0,1,0,0,0,0,0,0,0,0,0,0,0,0,0,0,0,0,0,0,0,0,0,0,0,0,0,0,0,0,0,0,0,0,0,0,0,0,0,1,0,1,0,0,0,0,0,0,0,0,0,0,0,0,0,0,0,0,0,8],"bins":[-0.4552828073501587,-0.4481690227985382,-0.44105520844459534,-0.43394142389297485,-0.42682763934135437,-0.4197138249874115,-0.412600040435791,-0.40548625588417053,-0.39837247133255005,-0.3912586569786072,-0.3841448724269867,-0.3770310878753662,-0.36991727352142334,-0.36280348896980286,-0.3556897044181824,-0.3485758900642395,-0.341462105512619,-0.33434832096099854,-0.32723450660705566,-0.3201207220554352,-0.3130069375038147,-0.3058931231498718,-0.29877933859825134,-0.29166555404663086,-0.284551739692688,-0.2774379551410675,-0.270324170589447,-0.26321038603782654,-0.25609657168388367,-0.24898278713226318,-0.2418689876794815,-0.23475520312786102,-0.22764140367507935,-0.22052760422229767,-0.21341381967067719,-0.2063000202178955,-0.19918623566627502,-0.19207243621349335,-0.18495863676071167,-0.1778448522090912,-0.1707310527563095,-0.16361725330352783,-0.15650346875190735,-0.14938966929912567,-0.142275869846344,-0.1351620852947235,-0.12804828584194183,-0.12093449383974075,-0.11382070183753967,-0.10670690983533859,-0.09959311783313751,-0.09247931838035583,-0.08536552637815475,-0.07825173437595367,-0.071137934923172,-0.06402414292097092,-0.056910350918769836,-0.049796558916568756,-0.04268276318907738,-0.035568967461586,-0.028455175459384918,-0.02134138159453869,-0.014227587729692459,-0.0071137938648462296,0]},"gradients/model.lin5.weights":{"_type":"histogram","values":[2,0,0,0,0,0,0,0,1,1,2,0,0,0,2,0,0,0,1,1,0,2,0,0,1,5,0,2,0,0,2,2,2,5,5,0,0,6,2,4,10,2,6,5,359,8,10,6,3,1,0,2,3,3,4,1,2,2,1,1,1,1,0,1],"bins":[-0.9274076819419861,-0.9065307378768921,-0.8856537938117981,-0.8647769093513489,-0.8438999652862549,-0.8230230212211609,-0.8021460771560669,-0.7812691330909729,-0.7603921890258789,-0.7395153045654297,-0.7186383605003357,-0.6977614164352417,-0.6768844723701477,-0.6560075283050537,-0.6351306438446045,-0.6142536997795105,-0.5933767557144165,-0.5724998116493225,-0.5516228675842285,-0.5307459831237793,-0.5098690390586853,-0.4889920949935913,-0.4681151509284973,-0.4472382366657257,-0.4263612926006317,-0.4054843485355377,-0.3846074342727661,-0.3637304902076721,-0.3428535461425781,-0.3219766318798065,-0.3010996878147125,-0.2802227735519409,-0.2593458592891693,-0.2384689301252365,-0.2175920009613037,-0.19671505689620972,-0.17583812773227692,-0.15496119856834412,-0.13408425450325012,-0.11320732533931732,-0.09233039617538452,-0.07145346701145172,-0.050576530396938324,-0.029699597507715225,-0.008822664618492126,0.012054268270730972,0.03293120115995407,0.05380813404917717,0.07468506693840027,0.09556199610233307,0.11643893271684647,0.13731586933135986,0.15819279849529266,0.17906972765922546,0.19994667172431946,0.22082360088825226,0.24170053005218506,0.26257747411727905,0.28345438838005066,0.30433133244514465,0.32520824670791626,0.34608519077301025,0.36696213483810425,0.38783904910087585,0.40871599316596985]},"gradients/model.lin1.biases":{"_type":"histogram","values":[1,1,0,0,0,0,0,0,1,0,0,1,0,0,1,0,2,1,0,1,0,0,1,2,3,84,2,2,2,1,1,1,1,1,0,1,1,2,1,1,0,0,0,0,0,1,0,0,0,0,1,0,0,0,0,0,0,0,0,1,0,0,0,1],"bins":[-0.7444394826889038,-0.714987576007843,-0.6855356097221375,-0.6560837030410767,-0.6266317963600159,-0.5971798896789551,-0.5677279233932495,-0.5382760167121887,-0.5088241100311279,-0.47937217354774475,-0.4499202370643616,-0.4204683303833008,-0.3910163938999176,-0.3615644872188568,-0.33211255073547363,-0.30266064405441284,-0.27320870757102966,-0.24375678598880768,-0.2143048644065857,-0.1848529428243637,-0.15540102124214172,-0.12594908475875854,-0.09649716317653656,-0.06704524159431458,-0.03759332001209259,-0.008141396567225456,0.021310526877641678,0.05076245218515396,0.08021437376737595,0.10966629534959793,0.1391182243824005,0.1685701459646225,0.19802206754684448,0.22747398912906647,0.25692591071128845,0.28637784719467163,0.3158297538757324,0.3452816903591156,0.3747335970401764,0.40418553352355957,0.43363744020462036,0.46308937668800354,0.4925413131713867,0.5219932198524475,0.5514451265335083,0.5808970928192139,0.6103489995002747,0.6398009061813354,0.669252872467041,0.6987047791481018,0.7281566858291626,0.7576085925102234,0.787060558795929,0.8165124654769897,0.8459643721580505,0.8754162788391113,0.9048682451248169,0.9343201518058777,0.9637720584869385,0.993224024772644,1.02267587184906,1.0521278381347656,1.0815798044204712,1.1110316514968872,1.1404836177825928]},"gradients/model.lin4.weights":{"values":[1,2,1,0,2,4,5,4,6,9,16,14,25,18,27,50,57,99,185,355,558,12061,255,143,115,103,57,46,29,25,16,17,15,12,9,8,9,5,8,3,3,3,2,2,1,2,2,2,3,1,1,0,1,0,0,1,0,0,0,1,0,0,0,1],"bins":[-0.2747739553451538,-0.2617133557796478,-0.24865275621414185,-0.23559215664863586,-0.22253155708312988,-0.2094709426164627,-0.19641034305095673,-0.18334974348545074,-0.17028914391994476,-0.15722854435443878,-0.1441679447889328,-0.13110734522342682,-0.11804673820734024,-0.10498613864183426,-0.09192553162574768,-0.0788649320602417,-0.06580433249473572,-0.052743732929229736,-0.039683129638433456,-0.026622528210282326,-0.013561926782131195,-0.0005013253539800644,0.012559276074171066,0.025619877502322197,0.03868047893047333,0.05174107849597931,0.06480167806148529,0.07786228507757187,0.09092288464307785,0.10398348420858383,0.11704409122467041,0.1301046907901764,0.14316529035568237,0.15622588992118835,0.16928648948669434,0.18234708905220032,0.1954076886177063,0.20846830308437347,0.22152890264987946,0.23458950221538544,0.24765010178089142,0.2607107162475586,0.2737713158130646,0.28683191537857056,0.29989251494407654,0.3129531145095825,0.3260137140750885,0.3390743136405945,0.35213491320610046,0.36519551277160645,0.3782561123371124,0.3913167119026184,0.4043773114681244,0.41743791103363037,0.43049851059913635,0.44355911016464233,0.4566197395324707,0.4696803390979767,0.48274093866348267,0.49580153822898865,0.5088621377944946,0.5219227075576782,0.5349833369255066,0.5480439066886902,0.5611045360565186],"_type":"histogram"},"gradients/model.lin2.weights":{"_type":"histogram","values":[3,2,1,8,4,0,9,8,10,19,19,23,27,40,62,81,139,217,377,7908,231,102,80,71,41,23,18,16,16,5,9,6,8,4,1,1,2,1,1,1,0,0,1,0,0,1,0,0,0,2,0,0,0,0,0,1,0,0,0,0,0,0,0,1],"bins":[-0.6729680895805359,-0.6376247406005859,-0.602281391620636,-0.5669381022453308,-0.5315947532653809,-0.4962514042854309,-0.46090805530548096,-0.4255647361278534,-0.39022138714790344,-0.3548780381679535,-0.3195347189903259,-0.284191370010376,-0.24884803593158722,-0.21350470185279846,-0.1781613528728485,-0.14281801879405975,-0.107474684715271,-0.07213135063648224,-0.036788009107112885,-0.0014446713030338287,0.03389866650104523,0.06924200057983398,0.10458534210920334,0.1399286836385727,0.17527201771736145,0.2106153517961502,0.24595868587493896,0.2813020348548889,0.31664538383483887,0.35198870301246643,0.3873320519924164,0.42267537117004395,0.45801877975463867,0.4933621287345886,0.5287054777145386,0.5640487670898438,0.5993921160697937,0.6347354650497437,0.6700788140296936,0.7054221630096436,0.7407654523849487,0.7761088013648987,0.8114521503448486,0.8467954993247986,0.8821388483047485,0.9174821972846985,0.9528254866600037,0.9881688356399536,1.0235121250152588,1.0588555335998535,1.0941988229751587,1.1295422315597534,1.1648855209350586,1.2002289295196533,1.2355722188949585,1.2709155082702637,1.3062589168548584,1.3416022062301636,1.3769456148147583,1.4122889041900635,1.4476321935653687,1.4829756021499634,1.5183188915252686,1.5536623001098633,1.5890055894851685]},"_timestamp":1.7522493504318597e+09,"gradients/model.lin1.weights":{"_type":"histogram","values":[1,0,0,0,1,0,1,0,1,0,1,0,0,1,1,1,1,0,1,1,0,3,2,3,1,1,5,7,3,1,5,12,12,20,438,14,15,5,7,5,4,1,4,3,4,1,3,0,0,2,0,2,0,0,2,1,0,0,0,0,1,1,0,1],