{"_runtime":23.068662795,"gradients/model.lin3.biases":{"_type":"histogram","values":[1,0,0,0,1,0,2,1,0,0,1,0,1,1,0,1,0,1,0,1,2,3,3,2,3,4,0,3,2,3,1,0,2,2,0,3,7,2,2,263,5,4,0,2,5,2,1,2,1,1,2,5,0,0,2,1,1,2,0,2,1,0,0,3],"bins":[-0.6360791921615601,-0.6199129223823547,-0.6037465929985046,-0.5875803232192993,-0.571414053440094,-0.5552477240562439,-0.5390814542770386,-0.5229151844978333,-0.5067489147186279,-0.49058258533477783,-0.4744163155555725,-0.4582500159740448,-0.4420837163925171,-0.42591744661331177,-0.40975114703178406,-0.39358487725257874,-0.377418577671051,-0.3612522780895233,-0.345086008310318,-0.3289197087287903,-0.31275343894958496,-0.29658713936805725,-0.28042083978652954,-0.2642545700073242,-0.2480882704257965,-0.23192198574543,-0.21575570106506348,-0.19958940148353577,-0.18342311680316925,-0.16725683212280273,-0.15109053254127502,-0.1349242478609085,-0.11875799298286438,-0.10259170830249786,-0.08642541617155075,-0.07025912404060364,-0.05409283936023712,-0.03792655095458031,-0.021760262548923492,-0.005593974143266678,0.010572314262390137,0.02673860266804695,0.042904891073703766,0.05907117947936058,0.0752374678850174,0.09140375256538391,0.10757004469633102,0.12373633682727814,0.13990262150764465,0.15606890618801117,0.17223519086837769,0.1884014904499054,0.2045677751302719,0.22073405981063843,0.23690035939216614,0.25306662917137146,0.26923292875289917,0.2853992283344269,0.3015654981136322,0.3177317976951599,0.33389806747436523,0.35006436705589294,0.36623066663742065,0.382396936416626,0.3985632359981537]},"gradients/model.lin3.weights":{"_type":"histogram","values":[4,2,1,5,7,3,8,6,2,2,5,9,12,9,11,17,18,23,15,32,41,34,61,60,72,68,105,111,117,163,190,187,263,266,352,546,941,22436,685,434,276,198,177,144,118,97,88,69,78,48,29,35,20,31,16,9,6,11,4,1,14,4,1,3],"bins":[-0.5649785399436951,-0.5499070882797241,-0.534835696220398,-0.519764244556427,-0.5046928524971008,-0.4896214008331299,-0.4745499789714813,-0.4594785273075104,-0.4444071054458618,-0.42933568358421326,-0.4142642617225647,-0.39919283986091614,-0.3841213881969452,-0.36904996633529663,-0.35397854447364807,-0.3389071226119995,-0.32383567094802856,-0.30876424908638,-0.29369282722473145,-0.2786214053630829,-0.2635499835014343,-0.24847854673862457,-0.23340710997581482,-0.21833568811416626,-0.2032642662525177,-0.18819282948970795,-0.1731214076280594,-0.15804997086524963,-0.14297854900360107,-0.12790711224079132,-0.11283569037914276,-0.0977642610669136,-0.08269283175468445,-0.06762140244245529,-0.052549973130226135,-0.03747854754328728,-0.02240711823105812,-0.007335689850151539,0.007735738530755043,0.02280716598033905,0.03787859529256821,0.05295002460479736,0.06802145391702652,0.08309288322925568,0.09816430509090424,0.11323573440313339,0.12830716371536255,0.1433786004781723,0.15845002233982086,0.17352144420146942,0.18859288096427917,0.20366430282592773,0.2187357395887375,0.23380716145038605,0.2488785982131958,0.26395002007484436,0.2790214419364929,0.2940928637981415,0.3091643154621124,0.324235737323761,0.33930715918540955,0.3543785810470581,0.36945003271102905,0.3845214545726776,0.39959287643432617]},"gradients/model.lin1.weights":{"_type":"histogram","values":[1,1,0,0,0,0,0,0,0,0,0,1,0,1,1,1,1,3,1,0,1,3,1,3,7,8,2,6,7,8,19,12,9,413,19,14,11,4,7,7,5,5,2,2,2,3,2,1,0,0,2,0,0,0,1,0,1,1,0,0,0,0,0,1],"bins":[-0.44823145866394043,-0.4347776472568512,-0.42132383584976196,-0.40787002444267273,-0.3944162130355835,-0.38096240162849426,-0.36750859022140503,-0.3540547788143158,-0.34060096740722656,-0.32714715600013733,-0.3136933445930481,-0.30023953318595886,-0.28678572177886963,-0.2733319103717804,-0.25987809896469116,-0.24642427265644073,-0.2329704612493515,-0.21951664984226227,-0.20606283843517303,-0.1926090270280838,-0.17915521562099457,-0.16570140421390533,-0.1522475928068161,-0.13879378139972687,-0.12533995509147644,-0.1118861511349678,-0.09843233972787857,-0.08497852832078934,-0.0715247094631195,-0.05807090178132057,-0.04461708664894104,-0.031163275241851807,-0.017709463834762573,-0.004255651496350765,0.009198160842061043,0.022651974111795425,0.03610578551888466,0.04955959692597389,0.06301341205835342,0.07646722346544266,0.08992103487253189,0.10337484627962112,0.11682865768671036,0.1302824765443802,0.14373628795146942,0.15719009935855865,0.1706439107656479,0.18409772217273712,0.19755153357982635,0.2110053449869156,0.22445915639400482,0.23791296780109406,0.2513667941093445,0.2648206055164337,0.27827441692352295,0.2917282283306122,0.3051820397377014,0.31863585114479065,0.3320896625518799,0.3455434739589691,0.35899728536605835,0.3724510967731476,0.3859049081802368,0.39935871958732605,0.4128125309944153]},"gradients/model.lin5.biases":{"_type":"histogram","values":[10,0,1,0,0,0,0,0,0,0,0,0,0,0,0,0,0,0,0,0,0,0,0,0,0,0,0,0,0,0,0,0,0,0,0,0,0,0,0,0,0,0,0,0,0,0,0,0,0,0,0,0,0,0,0,0,0,0,0,0,0,0,0,1],"bins":[-0.032548367977142334,0.11486424505710602,0.26227685809135437,0.4096894860267639,0.5571020841598511,0.7045146822929382,0.8519272804260254,0.9993399381637573,1.1467525959014893,1.2941651344299316,1.4415777921676636,1.588990330696106,1.736402988433838,1.8838156461715698,2.0312283039093018,2.178640842437744,2.3260533809661865,2.473466157913208,2.6208786964416504,2.7682912349700928,2.915703773498535,3.0631165504455566,3.210529088973999,3.3579416275024414,3.505354404449463,3.6527669429779053,3.8001794815063477,3.947592258453369,4.095005035400391,4.242417335510254,4.389830112457275,4.537242412567139,4.684655666351318,4.83206844329834,4.979480743408203,5.126893520355225,5.274306297302246,5.421718597412109,5.569131374359131,5.716544151306152,5.863956451416016,6.011369228363037,6.158782005310059,6.306194305419922,6.453607082366943,6.601019859313965,6.748432159423828,6.89584493637085,7.043257713317871,7.190670013427734,7.338082790374756,7.485495090484619,7.632907867431641,7.780320644378662,7.927732944488525,8.075145721435547,8.22255802154541,8.36997127532959,8.517383575439453,8.664795875549316,8.812209129333496,8.95962142944336,9.107033729553223,9.254446983337402,9.401859283447266]},"_timestamp":1.752259651789854e+09,"gradients/model.lin1.biases":{"_type":"histogram","values":[1,0,0,0,0,0,0,0,0,0,1,0,0,0,0,1,1,0,0,0,1,0,0,2,1,0,0,0,2,0,0,1,0,3,1,1,2,0,83,3,4,0,1,0,0,0,0,2,0,1,2,1,1,2,0,0,0,0,1,0,0,0,0,1],"bins":[-0.5302651524543762,-0.5163665413856506,-0.502467930316925,-0.48856931924819946,-0.4746707081794739,-0.4607720673084259,-0.4468734562397003,-0.43297484517097473,-0.41907623410224915,-0.40517762303352356,-0.391279011964798,-0.3773804008960724,-0.3634817600250244,-0.34958314895629883,-0.33568453788757324,-0.32178592681884766,-0.30788731575012207,-0.2939887046813965,-0.2800900936126709,-0.2661914825439453,-0.2522928714752197,-0.23839424550533295,-0.22449561953544617,-0.21059700846672058,-0.196698397397995,-0.1827997863292694,-0.16890117526054382,-0.15500254929065704,-0.14110393822193146,-0.12720532715320587,-0.11330670863389969,-0.0994080901145935,-0.08550947904586792,-0.07161086797714233,-0.05771224945783615,-0.04381363466382027,-0.029915019869804382,-0.016016405075788498,-0.0021177902817726135,0.011780824512243271,0.025679439306259155,0.03957805410027504,0.053476668894290924,0.0673752874135971,0.08127389848232269,0.09517250955104828,0.10907112807035446,0.12296974658966064,0.13686835765838623,0.15076696872711182,0.1646655797958374,0.17856420576572418,0.19246281683444977,0.20636142790317535,0.22026005387306213,0.23415866494178772,0.2480572760105133,0.2619558870792389,0.2758544981479645,0.28975310921669006,0.30365175008773804,0.3175503611564636,0.3314489722251892,0.3453475832939148,0.3592461943626404]},