{"gradients/model.lin5.weights":{"values":[968,3,3,6,3,1,4,2,3,1,2,4,2,1,1,0,1,0,0,1,2,1,1,0,1,0,0,0,1,1,1,0,2,0,0,0,0,0,1,1,0,0,0,0,0,0,0,0,1,0,0,0,0,1,0,1,0,0,0,0,0,0,0,3],"bins":[-0.07651326805353165,0.7217574715614319,1.5200282335281372,2.3182990550994873,3.116569757461548,3.9148404598236084,4.713111400604248,5.511382102966309,6.309652805328369,7.10792350769043,7.90619421005249,8.70446491241455,9.50273609161377,10.301006317138672,11.09927749633789,11.897547721862793,12.695818901062012,13.49409008026123,14.292360305786133,15.090631484985352,15.888901710510254,16.687171936035156,17.485443115234375,18.283714294433594,19.081985473632812,19.88025665283203,20.678525924682617,21.476797103881836,22.275068283081055,23.073339462280273,23.87160873413086,24.669879913330078,25.46815299987793,26.26642417907715,27.064695358276367,27.862964630126953,28.661235809326172,29.45950698852539,30.25777816772461,31.056047439575195,31.854318618774414,32.652591705322266,33.45085906982422,34.24913024902344,35.047401428222656,35.845672607421875,36.643943786621094,37.44221496582031,38.24048614501953,39.03875732421875,39.83702850341797,40.63529586791992,41.43356704711914,42.23183822631836,43.03010940551758,43.8283805847168,44.626651763916016,45.424922943115234,46.22319412231445,47.02146530151367,47.819732666015625,48.618003845214844,49.41627502441406,50.21454620361328,51.0128173828125],"_type":"histogram"},"train_loss":-12.72753477933114,"gradients/model.lin2.biases":{"_type":"histogram","values":[1,1,2,2,500,1,0,0,0,1,1,0,0,0,0,0,0,0,0,0,1,0,0,0,0,1,0,0,0,0,0,0,0,0,0,0,0,0,0,0,0,0,0,0,0,0,0,0,0,0,0,0,0,0,0,0,0,0,0,0,0,0,0,1],"bins":[-2.078145980834961,-1.5837757587432861,-1.0894055366516113,-0.595035195350647,-0.10066497325897217,0.393705278635025,0.8880755305290222,1.3824458122253418,1.8768160343170166,2.3711862564086914,2.865556478500366,3.359926700592041,3.854297161102295,4.348667144775391,4.8430376052856445,5.33740758895874,5.831778049468994,6.326148509979248,6.820518493652344,7.314888954162598,7.809258937835693,8.303628921508789,8.797999382019043,9.292369842529297,9.78674030303955,10.281110763549805,10.775480270385742,11.269850730895996,11.76422119140625,12.258591651916504,12.752961158752441,13.247331619262695,13.74170207977295,14.236072540283203,14.730443000793457,15.224812507629395,15.719182968139648,16.213552474975586,16.707923889160156,17.202293395996094,17.696664810180664,18.1910343170166,18.68540382385254,19.17977523803711,19.674144744873047,20.168516159057617,20.662885665893555,21.157255172729492,21.651626586914062,22.14599609375,22.64036750793457,23.134737014770508,23.629106521606445,24.123477935791016,24.617847442626953,25.11221694946289,25.60658836364746,26.1009578704834,26.59532928466797,27.089698791503906,27.584068298339844,28.078439712524414,28.57280921936035,29.067180633544922,29.56155014038086]},"gradients/model.lin2.weights":{"_type":"histogram","values":[1,1,0,3,88,65245,94,44,22,14,1,3,5,2,0,3,3,2,0,0,1,0,0,1,0,1,0,0,0,0,0,0,0,0,0,0,0,0,0,0,0,0,1,0,0,0,0,0,0,0,0,0,0,0,0,0,0,0,0,0,0,0,0,1],"bins":[-3.378462553024292,-2.742030620574951,-2.1055984497070312,-1.4691665172576904,-0.8327345848083496,-0.196302592754364,0.4401293992996216,1.076561450958252,1.7129933834075928,2.3494253158569336,2.9858574867248535,3.6222894191741943,4.258721351623535,4.895153522491455,5.531585216522217,6.168017387390137,6.804449081420898,7.440881252288818,8.077313423156738,8.7137451171875,9.350177764892578,9.98660945892334,10.623041152954102,11.259472846984863,11.895905494689941,12.532337188720703,13.168768882751465,13.805201530456543,14.441633224487305,15.078064918518066,15.714497566223145,16.350929260253906,16.98736000061035,17.62379264831543,18.260223388671875,18.896656036376953,19.53308868408203,20.169519424438477,20.805952072143555,21.442384719848633,22.078815460205078,22.715248107910156,23.351680755615234,23.98811149597168,24.624544143676758,25.260976791381836,25.89740753173828,26.53384017944336,27.170272827148438,27.806703567504883,28.44313621520996,29.079566955566406,29.715999603271484,30.352432250976562,30.988862991333008,31.625295639038086,32.26172637939453,32.89815902709961,33.53459167480469,34.171024322509766,34.807456970214844,35.44388961791992,36.080318450927734,36.71675109863281,37.35318374633789]},"_timestamp":1.7525934423245542e+09,"_step":361,"test_rmse":0.005125111574092913,"gradients/model.lin4.biases":{"bins":[-1.0046709775924683,-0.529323935508728,-0.05397689342498779,0.42137014865875244,0.8967171907424927,1.372064232826233,1.8474112749099731,2.322758197784424,2.798105239868164,3.2734522819519043,3.7487993240356445,4.224146366119385,4.699493408203125,5.174840450286865,5.6501874923706055,6.125534534454346,6.600881576538086,7.076228618621826,7.551575660705566,8.026923179626465,8.502269744873047,8.977617263793945,9.452963829040527,9.928311347961426,10.403657913208008,10.879005432128906,11.354351997375488,11.829699516296387,12.305046081542969,12.780393600463867,13.25574016571045,13.731087684631348,14.20643424987793,14.681781768798828,15.15712833404541,15.632474899291992,16.10782241821289,16.58316993713379,17.058517456054688,17.533863067626953,18.00921058654785,18.48455810546875,18.959903717041016,19.435251235961914,19.910598754882812,20.38594627380371,20.86129379272461,21.336639404296875,21.811986923217773,22.287334442138672,22.762680053710938,23.238027572631836,23.713375091552734,24.188722610473633,24.66407012939453,25.139415740966797,25.614763259887695,26.090110778808594,26.56545639038086,27.040803909301758,27.516151428222656,27.991498947143555,28.466846466064453,28.94219207763672,29.417539596557617],"_type":"histogram","values":[1,5,233,2,2,0,1,0,0,0,0,0,0,0,0,0,0,0,0,0,0,0,0,0,0,0,0,0,0,0,0,1,0,0,1,0,0,1,1,0,0,1,0,0,1,1,0,0,0,0,0,2,1,0,0,0,0,0,0,0,0,0,1,1]},"gradients/model.lin1.biases":{"bins":[-1.4417381286621094,-1.3516544103622437,-1.261570692062378,-1.1714868545532227,-1.081403136253357,-0.9913194179534912,-0.9012356400489807,-0.8111518621444702,-0.7210681438446045,-0.6309844255447388,-0.5409006476402283,-0.45081689953804016,-0.36073315143585205,-0.27064940333366394,-0.18056565523147583,-0.09048190712928772,-0.0003981590270996094,0.0896855890750885,0.1797693371772766,0.2698530852794647,0.35993683338165283,0.45002058148384094,0.540104329586029,0.6301881074905396,0.7202718257904053,0.810355544090271,0.9004393219947815,0.990523099899292,1.0806068181991577,1.1706905364990234,1.2607743740081787,1.3508580923080444,1.4409418106079102,1.5310255289077759,1.6211092472076416,1.7111930847167969,1.8012768030166626,1.8913605213165283,1.9814443588256836,2.0715279579162598,2.161611795425415,2.2516956329345703,2.3417792320251465,2.4318630695343018,2.521946907043457,2.612030506134033,2.7021143436431885,2.7921979427337646,2.88228178024292,2.972365617752075,3.0624492168426514,3.1525330543518066,3.242616653442383,3.332700490951538,3.4227843284606934,3.5128679275512695,3.602951765060425,3.69303560256958,3.7831192016601562,3.8732030391693115,3.963286876678467,4.053370475769043,4.143454074859619,4.2335381507873535,4.32362174987793],"_type":"histogram","values":[1,2,0,1,0,1,1,1,2,1,2,5,4,4,7,13,172,5,5,2,1,4,5,1,1,0,1,1,0,1,1,0,0,1,1,2,0,0,0,0,1,0,1,1,0,0,0,1,1,1,0,0,0,0,0,0,0,0,0,0,0,0,0,1]},"epoch":361,"test_loss":-4.582057562592912,