{"_runtime":29.086472585,"gradients/model.lin4.biases":{"_type":"histogram","values":[1,1,0,1,0,1,0,1,0,1,0,0,0,0,1,0,2,0,1,0,1,1,2,1,0,0,92,1,2,0,2,1,0,0,0,2,0,0,0,0,0,0,0,0,2,1,0,0,0,0,0,0,0,1,0,0,0,0,0,0,0,0,0,1],"bins":[-1.4891923666000366,-1.4338945150375366,-1.3785967826843262,-1.3232989311218262,-1.2680011987686157,-1.2127033472061157,-1.1574056148529053,-1.1021077632904053,-1.0468099117279053,-0.9915121793746948,-0.9362143874168396,-0.8809165954589844,-0.8256187438964844,-0.7703209519386292,-0.7150231599807739,-0.6597253680229187,-0.6044275760650635,-0.5491297841072083,-0.493831992149353,-0.4385341703891754,-0.3832363784313202,-0.32793858647346497,-0.27264076471328735,-0.21734297275543213,-0.1620451807975769,-0.10674738138914108,-0.05144958198070526,0.0038482174277305603,0.05914601683616638,0.1144438162446022,0.16974161565303802,0.22503942251205444,0.2803373336791992,0.33563512563705444,0.39093291759490967,0.4462307393550873,0.5015285015106201,0.5568263530731201,0.6121241450309753,0.6674219369888306,0.7227197289466858,0.778017520904541,0.8333153128623962,0.8886131048202515,0.9439109563827515,0.9992087483406067,1.054506540298462,1.1098042726516724,1.1651021242141724,1.2203999757766724,1.2756977081298828,1.3309955596923828,1.3862932920455933,1.4415911436080933,1.4968888759613037,1.5521867275238037,1.6074845790863037,1.6627823114395142,1.7180801630020142,1.7733778953552246,1.8286757469177246,1.883973479270935,1.939271330833435,1.9945690631866455,2.0498669147491455]},"train_loss":-3.029821563185307,"gradients/model.lin3.weights":{"bins":[-0.5427794456481934,-0.525019645690918,-0.5072598457336426,-0.48950010538101196,-0.4717403054237366,-0.4539805054664612,-0.4362207353115082,-0.4184609651565552,-0.4007011651992798,-0.3829413652420044,-0.3651815950870514,-0.3474218249320984,-0.329662024974823,-0.3119022250175476,-0.2941424548625946,-0.2763826847076416,-0.2586228847503662,-0.24086309969425201,-0.22310331463813782,-0.20534352958202362,-0.18758374452590942,-0.16982395946979523,-0.15206417441368103,-0.13430438935756683,-0.11654460430145264,-0.09878481924533844,-0.08102503418922424,-0.06326524913311005,-0.04550546407699585,-0.027745679020881653,-0.009985893964767456,0.007773891091346741,0.025533616542816162,0.04329340159893036,0.061053186655044556,0.07881297171115875,0.09657275676727295,0.11433254182338715,0.13209232687950134,0.14985211193561554,0.16761189699172974,0.18537168204784393,0.20313146710395813,0.22089125216007233,0.23865103721618652,0.2564108371734619,0.2741706073284149,0.2919303774833679,0.3096901774406433,0.3274499773979187,0.3452097475528717,0.3629695177078247,0.3807293176651001,0.3984891176223755,0.4162488877773285,0.4340086579322815,0.4517684578895569,0.4695282578468323,0.4872880280017853,0.5050477981567383,0.5228075981140137,0.5405673980712891,0.5583271980285645,0.5760869383811951,0.5938467383384705],"_type":"histogram","values":[2,0,0,0,1,1,2,2,2,4,3,2,6,8,5,15,13,16,19,28,33,37,56,83,85,122,180,224,289,622,23969,915,529,349,267,179,134,114,81,60,53,53,44,31,31,26,16,16,13,15,8,6,7,6,4,4,3,1,2,1,1,0,1,1]},"gradients/model.lin5.weights":{"_type":"histogram","values":[1,2,3,0,2,2,0,0,0,1,0,0,1,2,0,438,0,1,0,0,0,0,1,0,0,1,2,0,0,0,4,0,0,2,3,1,2,3,2,1,1,0,0,0,0,0,1,1,0,0,0,0,0,0,0,1,0,0,0,0,0,0,0,1],"bins":[-17.40951156616211,-16.279647827148438,-15.14978313446045,-14.019918441772461,-12.890054702758789,-11.7601900100708,-10.630325317382812,-9.50046157836914,-8.370596885681152,-7.240732669830322,-6.110868453979492,-4.981003761291504,-3.851139545440674,-2.7212753295898438,-1.5914108753204346,-0.46154654026031494,0.6683177947998047,1.7981821298599243,2.928046464920044,4.057910919189453,5.187775135040283,6.317639350891113,7.447504043579102,8.577367782592773,9.707232475280762,10.83709716796875,11.966960906982422,13.09682559967041,14.226690292358398,15.35655403137207,16.486417770385742,17.616283416748047,18.74614715576172,19.87601089477539,21.005876541137695,22.135740280151367,23.26560401916504,24.395469665527344,25.525333404541016,26.655197143554688,27.78506088256836,28.914926528930664,30.044790267944336,31.174654006958008,32.30451965332031,33.434383392333984,34.564247131347656,35.69411087036133,36.823974609375,37.95384216308594,39.08370590209961,40.21356964111328,41.34343338012695,42.473297119140625,43.6031608581543,44.733028411865234,45.862892150878906,46.99275588989258,48.12261962890625,49.25248336791992,50.382347106933594,51.51221466064453,52.6420783996582,53.771942138671875,54.90180587768555]},"gradients/model.lin2.weights":{"_type":"histogram","values":[1,0,0,0,0,1,3,3,2,2,4,2,7,0,3,9,6,15,10,10,19,34,53,59,92,148,215,342,7351,319,189,166,117,93,72,46,24,22,16,20,10,12,19,19,16,10,5,7,5,9,1,0,4,3,1,2,1,0,0,0,0,0,0,1],"bins":[-0.23527856171131134,-0.22700880467891693,-0.21873903274536133,-0.21046927571296692,-0.2021995186805725,-0.1939297467470169,-0.1856599897146225,-0.1773902177810669,-0.16912046074867249,-0.16085070371627808,-0.15258093178272247,-0.14431117475032806,-0.13604140281677246,-0.12777164578437805,-0.11950188875198364,-0.11123212426900864,-0.10296235978603363,-0.09469259530305862,-0.08642283082008362,-0.07815307378768921,-0.0698833093047142,-0.0616135448217392,-0.05334378406405449,-0.04507402330636978,-0.036804258823394775,-0.02853449620306492,-0.02026473358273506,-0.011994970962405205,-0.003725208342075348,0.004544554278254509,0.012814316898584366,0.021084079518914223,0.029353827238082886,0.03762359172105789,0.0458933524787426,0.05416311323642731,0.06243287771940231,0.07070264220237732,0.07897239923477173,0.08724216371774673,0.09551192820072174,0.10378169268369675,0.11205145716667175,0.12032121419906616,0.12859097123146057,0.13686074316501617,0.14513050019741058,0.1534002721309662,0.1616700291633606,0.169939786195755,0.1782095581293106,0.18647931516170502,0.19474908709526062,0.20301884412765503,0.21128860116004944,0.21955837309360504,0.22782813012599945,0.23609788715839386,0.24436765909194946,0.25263741612434387,0.2609071731567383,0.2691769301891327,0.2774467170238495,0.2857164740562439,0.2939862310886383]},"gradients/model.lin1.weights":{"bins":[-0.22802817821502686,-0.22020100057125092,-0.21237382292747498,-0.20454664528369904,-0.1967194676399231,-0.18889228999614716,-0.18106511235237122,-0.17323793470859528,-0.16541075706481934,-0.1575835645198822,-0.14975638687610626,-0.14192920923233032,-0.13410203158855438,-0.12627485394477844,-0.1184476763010025,-0.11062049865722656,-0.10279332101345062,-0.09496614336967468,-0.08713896572589874,-0.0793117880821228,-0.07148461043834686,-0.06365742534399033,-0.055830247700214386,-0.048003070056438446,-0.040175892412662506,-0.032348714768886566,-0.024521535262465477,-0.016694355756044388,-0.008867178112268448,-0.0010399995371699333,0.006787179037928581,0.014614357613027096,0.02244153618812561,0.03026871383190155,0.03809589147567749,0.04592307284474373,0.05375025048851967,0.06157742813229561,0.06940460950136185,0.07723178714513779,0.08505896478891373,0.09288614243268967,0.1007133200764656,0.10854049772024155,0.11636768281459808,0.12419486045837402,0.13202203810214996,0.1398492157459259,0.14767639338970184,0.15550357103347778,0.16333074867725372,0.17115792632102966,0.1789851039648056,0.18681228160858154,0.19463945925235748,0.20246663689613342,0.21029382944107056,0.2181210070848465,0.22594818472862244,0.23377536237239838,0.24160254001617432,0.24942971765995026,0.2572568953037262,0.26508405804634094,0.2729112505912781],"_type":"histogram","values":[1,1,1,1,1,0,0,1,1,1,1,3,0,0,2,1,3,2,7,6,4,9,6,7,9,8,13,6,8,415,9,6,9,10,6,8,4,7,7,2,1,3,5,0,0,0,2,1,0,0,0,0,0,0,0,1,0,0,0,0,0,0,0,1]},"test_rmse":13.841498761727012,"gradients/model.lin3.biases":{"_type":"histogram","values":[1,0,0,0,0,0,0,0,0,1,0,3,0,0,2,1,0,0,0,3,0,2,1,1,4,5,4,6,275,6,7,5,4,2,2,5,4,2,0,1,2,2,1,1,1,1,0,1,0,0,2,0,0,0,0,0,0,0,0,1,0,0,0,1],