{"gradients/model.lin4.biases":{"values":[1,0,0,0,2,0,0,0,0,0,0,0,0,1,0,0,0,0,0,0,0,0,0,0,0,1,0,1,0,1,1,0,1,0,0,97,3,0,0,2,0,2,2,0,0,0,1,0,0,1,0,0,0,0,0,0,0,0,0,0,0,1,0,2],"bins":[-15.257308006286621,-14.82458209991455,-14.391857147216797,-13.959131240844727,-13.526405334472656,-13.093680381774902,-12.660954475402832,-12.228229522705078,-11.795503616333008,-11.362777709960938,-10.930052757263184,-10.497326850891113,-10.06460189819336,-9.631875991821289,-9.199150085449219,-8.766425132751465,-8.333699226379395,-7.900973796844482,-7.46824836730957,-7.0355224609375,-6.602797031402588,-6.170071601867676,-5.7373456954956055,-5.304620265960693,-4.871894836425781,-4.439169406890869,-4.006443977355957,-3.5737180709838867,-3.1409926414489746,-2.7082672119140625,-2.2755415439605713,-1.8428159952163696,-1.4100894927978516,-0.9773639440536499,-0.5446383953094482,-0.11191284656524658,0.3208127021789551,0.7535382509231567,1.1862637996673584,1.61898934841156,2.0517148971557617,2.484440326690674,2.917165994644165,3.3498916625976562,3.7826170921325684,4.2153425216674805,4.648068428039551,5.080793857574463,5.513519287109375,5.946244716644287,6.378970146179199,6.8116960525512695,7.244421482086182,7.677146911621094,8.109872817993164,8.542597770690918,8.975323677062988,9.408049583435059,9.840774536132812,10.273500442504883,10.706226348876953,11.138951301574707,11.571677207946777,12.004402160644531,12.437128067016602],"_type":"histogram"},"test_rmse":0.008101050738476855,"_timestamp":1.7524297899462843e+09,"gradients/model.lin5.weights":{"values":[1,2,0,0,1,2,1,2,0,0,1,1,3,0,0,0,1,1,2,0,2,2,3,0,1,2,3,1,0,0,0,1,0,1,2,1,2,1,1,0,2,1,0,1,1,0,0,0,0,0,0,0,0,0,0,0,0,0,0,0,2,0,0,432],"bins":[-24.236902236938477,-23.858200073242188,-23.47949981689453,-23.100797653198242,-22.722095489501953,-22.343393325805664,-21.964693069458008,-21.58599090576172,-21.20728874206543,-20.828588485717773,-20.449886322021484,-20.071184158325195,-19.69248390197754,-19.31378173828125,-18.93507957458496,-18.556377410888672,-18.177677154541016,-17.798974990844727,-17.420272827148438,-17.04157257080078,-16.662870407104492,-16.284168243408203,-15.90546703338623,-15.526765823364258,-15.148063659667969,-14.769362449645996,-14.390660285949707,-14.011959075927734,-13.633257865905762,-13.254555702209473,-12.8758544921875,-12.497152328491211,-12.118451118469238,-11.739749908447266,-11.361047744750977,-10.982346534729004,-10.603644371032715,-10.224943161010742,-9.84624195098877,-9.46753978729248,-9.088838577270508,-8.710136413574219,-8.331435203552246,-7.952733516693115,-7.574031829833984,-7.1953301429748535,-6.816628932952881,-6.43792724609375,-6.059225559234619,-5.680523872375488,-5.301822185516357,-4.923120975494385,-4.544419288635254,-4.165717601776123,-3.787015914916992,-3.4083144664764404,-3.0296127796173096,-2.6509110927581787,-2.272209644317627,-1.893507957458496,-1.5148063898086548,-1.1361048221588135,-0.7574031949043274,-0.3787015974521637,0],"_type":"histogram"},"gradients/model.lin5.biases":{"values":[1,0,0,0,0,0,1,0,0,0,0,0,0,0,0,0,0,0,0,0,0,0,0,0,0,0,0,0,0,0,0,0,0,0,0,0,0,0,0,0,0,0,0,0,0,0,0,0,0,0,0,0,0,0,0,0,0,0,0,0,0,0,0,10],"bins":[-63.90585708618164,-62.90732955932617,-61.90879821777344,-60.91027069091797,-59.911739349365234,-58.913211822509766,-57.9146842956543,-56.91615295410156,-55.917625427246094,-54.91909408569336,-53.92056655883789,-52.92203903198242,-51.92350769042969,-50.92498016357422,-49.92645263671875,-48.927921295166016,-47.92939376831055,-46.93086242675781,-45.932334899902344,-44.933807373046875,-43.93527603149414,-42.93674850463867,-41.93821716308594,-40.93968963623047,-39.941162109375,-38.942630767822266,-37.9441032409668,-36.94557189941406,-35.947044372558594,-34.948516845703125,-33.94998550415039,-32.95145797729492,-31.95292854309082,-30.95439910888672,-29.955869674682617,-28.95734214782715,-27.958812713623047,-26.960283279418945,-25.961753845214844,-24.963226318359375,-23.964696884155273,-22.966167449951172,-21.96763801574707,-20.96910858154297,-19.9705810546875,-18.9720516204834,-17.973522186279297,-16.974992752075195,-15.97646427154541,-14.977934837341309,-13.979406356811523,-12.980876922607422,-11.982348442077637,-10.983819007873535,-9.98529052734375,-8.986761093139648,-7.988232135772705,-6.989703178405762,-5.991174221038818,-4.992645263671875,-3.9941160678863525,-2.995587110519409,-1.9970580339431763,-0.9985290169715881,0],"_type":"histogram"},"epoch":499,"gradients/model.lin3.biases":{"_type":"histogram","values":[1,0,0,0,0,1,2,0,0,0,0,1,0,1,3,0,0,0,0,0,1,0,1,3,2,1,2,0,2,298,2,1,2,0,0,3,3,2,5,2,3,6,1,2,0,1,0,0,3,0,0,0,0,0,1,0,1,0,0,1,0,1,0,1],"bins":[-2.057323932647705,-1.987991213798523,-1.9186584949493408,-1.8493257761001587,-1.7799930572509766,-1.710660457611084,-1.6413277387619019,-1.5719950199127197,-1.5026623010635376,-1.4333295822143555,-1.3639968633651733,-1.2946641445159912,-1.2253315448760986,-1.1559988260269165,-1.0866661071777344,-1.0173333883285522,-0.9480006694793701,-0.878667950630188,-0.8093352317810059,-0.7400025725364685,-0.6706698536872864,-0.6013371348381042,-0.5320044755935669,-0.46267175674438477,-0.39333903789520264,-0.3240063190460205,-0.25467362999916077,-0.18534092605113983,-0.1160082221031189,-0.04667551815509796,0.022657185792922974,0.09198988974094391,0.16132259368896484,0.23065529763698578,0.2999880015850067,0.36932069063186646,0.4386534094810486,0.5079861283302307,0.5773187875747681,0.6466515064239502,0.7159842252731323,0.7853169441223145,0.8546496629714966,0.9239823222160339,0.9933150410652161,1.0626477003097534,1.1319804191589355,1.2013131380081177,1.2706458568572998,1.339978575706482,1.409311294555664,1.4786440134048462,1.5479767322540283,1.617309331893921,1.686642050743103,1.7559747695922852,1.8253074884414673,1.8946402072906494,1.9639729261398315,2.0333056449890137,2.1026382446289062,2.171971082687378,2.2413036823272705,2.310636520385742,2.3799691200256348]},"gradients/model.lin1.weights":{"_type":"histogram","values":[1,0,0,0,0,0,0,0,0,0,0,0,0,0,0,1,1,0,0,0,0,0,1,0,0,1,2,2,2,2,5,0,2,2,12,25,30,450,22,13,6,7,1,2,1,3,0,1,1,0,1,0,0,1,0,1,0,0,0,0,0,0,0,1],"bins":[-5.101716041564941,-4.964210510253906,-4.826704978942871,-4.689199447631836,-4.551693916320801,-4.414188385009766,-4.2766828536987305,-4.139177322387695,-4.00167179107666,-3.864166498184204,-3.726660966873169,-3.589155435562134,-3.4516501426696777,-3.3141446113586426,-3.1766390800476074,-3.0391335487365723,-2.901628017425537,-2.764122486114502,-2.626616954803467,-2.4891114234924316,-2.3516058921813965,-2.2141005992889404,-2.0765950679779053,-1.9390895366668701,-1.801584005355835,-1.6640784740447998,-1.5265729427337646,-1.389067530632019,-1.2515619993209839,-1.1140564680099487,-0.9765509963035583,-0.839045524597168,-0.7015395164489746,-0.5640339851379395,-0.4265285134315491,-0.2890230119228363,-0.15151751041412354,-0.014012008905410767,0.123493492603302,0.26099899411201477,0.39850449562072754,0.5360100269317627,0.6735154986381531,0.8110209703445435,0.9485265016555786,1.0860320329666138,1.2235374450683594,1.3610429763793945,1.4985485076904297,1.6360540390014648,1.7735595703125,1.9110649824142456,2.0485706329345703,2.1860759258270264,2.3235814571380615,2.4610869884490967,2.598592519760132,2.736098051071167,2.873603582382202,3.0111091136932373,3.1486144065856934,3.2861199378967285,3.4236254692077637,3.561131000518799,3.698636531829834]},"_step":499,"_wandb":{"runtime":313},"train_loss":-15.271137438322368,"_runtime":313,"gradients/model.lin4.weights":{"_type":"histogram","values":[1,0,0,0,3,0,0,0,3,0,0,3,3,2,3,8,3,2,3,4,4,9,6,9,7,13,16,15,19,21,26,29,49,71,143,13399,153,101,64,45,28,24,20,16,16,7,7,6,6,3,3,3,7,5,3,1,0,2,1,1,1,1,0,2],