{"gradients/model.lin5.biases":{"_type":"histogram","values":[1,0,0,0,0,0,0,0,0,0,0,0,0,0,0,0,0,0,0,0,0,0,0,0,0,0,0,0,0,0,0,0,0,0,0,0,0,0,0,0,0,0,0,0,0,0,0,0,0,0,0,0,0,0,0,0,0,6,0,0,0,0,0,1],"bins":[-0.04239870235323906,-0.04166628047823906,-0.04093385860323906,-0.04020143672823906,-0.03946901485323906,-0.03873659297823906,-0.03800417110323906,-0.03727174922823906,-0.03653932735323906,-0.03580690547823906,-0.03507448360323906,-0.03434206172823906,-0.03360963985323906,-0.03287721797823906,-0.03214479610323906,-0.03141237422823906,-0.03067995421588421,-0.02994753234088421,-0.02921511046588421,-0.02848268859088421,-0.02775026671588421,-0.02701784484088421,-0.02628542296588421,-0.02555300109088421,-0.024820581078529358,-0.024088159203529358,-0.023355737328529358,-0.022623315453529358,-0.021890893578529358,-0.021158471703529358,-0.020426049828529358,-0.019693627953529358,-0.01896120421588421,-0.01822878234088421,-0.01749636046588421,-0.01676393859088421,-0.01603151671588421,-0.015299095772206783,-0.014566673897206783,-0.013834252022206783,-0.013101830147206783,-0.012369408272206783,-0.011636986397206783,-0.010904564522206783,-0.010172143578529358,-0.009439721703529358,-0.008707299828529358,-0.007974877953529358,-0.007242456078529358,-0.006510034203529358,-0.005777612328529358,-0.005045190919190645,-0.004312769044190645,-0.0035803471691906452,-0.002847925527021289,-0.0021155038848519325,-0.0013830820098519325,-0.0006506602512672544,8.176150731742382e-05,0.000814183265902102,0.0015466050244867802,0.00227902689948678,0.0030114485416561365,0.003743870183825493,0.004476292058825493]},"gradients/model.lin4.weights":{"_type":"histogram","values":[4,3,2,3,2,5,6,5,7,14,9,4,11,17,21,14,25,21,24,25,42,46,32,25,54,59,51,54,55,66,61,49,52,59,53,46,48,45,49,36,45,44,54,37,35,41,30,33,36,43,38,40,38,28,36,34,21,16,9,8,19,62,23,96330],"bins":[-0.0033287820406258106,-0.003276769770309329,-0.0032247574999928474,-0.003172745229676366,-0.0031207327265292406,-0.003068720456212759,-0.0030167081858962774,-0.002964695915579796,-0.0029126836452633142,-0.0028606713749468327,-0.002808659104630351,-0.002756646601483226,-0.0027046343311667442,-0.0026526220608502626,-0.002600609790533781,-0.0025485975202172995,-0.002496585249900818,-0.0024445729795843363,-0.002392560476437211,-0.0023405482061207294,-0.002288535935804248,-0.0022365236654877663,-0.0021845113951712847,-0.002132499124854803,-0.0020804868545383215,-0.0020284743513911963,-0.0019764620810747147,-0.001924449810758233,-0.0018724375404417515,-0.0018204252701252699,-0.0017684129998087883,-0.0017164006130769849,-0.0016643882263451815,-0.0016123759560286999,-0.0015603636857122183,-0.0015083514153957367,-0.0014563390286639333,-0.0014043267583474517,-0.00135231448803097,-0.0013003021012991667,-0.001248289830982685,-0.0011962775606662035,-0.001144265290349722,-0.0010922529036179185,-0.001040240633301437,-0.0009882283629849553,-0.0009362160344608128,-0.0008842037059366703,-0.0008321914356201887,-0.0007801791070960462,-0.0007281668367795646,-0.0006761545082554221,-0.0006241422379389405,-0.000572129909414798,-0.0005201175808906555,-0.00046810531057417393,-0.0004160930111538619,-0.00036408071173354983,-0.00031206838320940733,-0.0002600560837890953,-0.00020804378436878324,-0.0001560314849484712,-0.00010401918552815914,-5.200688246986829e-05,5.42195799368983e-09]},"test_rmse":0.8816530966364127,"epoch":50,"gradients/model.lin5.weights":{"values":[3,2,0,0,1,0,2,0,1,2,1,0,1,1,0,2,1,1,0,1,0,0,0,0,0,1,3,1,0,0,0,0,0,0,0,0,1,0,0,0,0,1,0,0,0,0,0,0,0,0,0,0,0,0,0,0,0,972,0,1,1,6,7,11],"bins":[-0.04424743354320526,-0.04348336160182953,-0.042719293385744095,-0.04195522144436836,-0.04119115322828293,-0.040427081286907196,-0.039663009345531464,-0.03889894112944603,-0.0381348691880703,-0.03737080097198486,-0.03660672903060913,-0.0358426570892334,-0.035078588873147964,-0.03431451693177223,-0.0335504449903965,-0.032786376774311066,-0.03202230483293533,-0.0312582366168499,-0.030494164675474167,-0.029730094596743584,-0.028966024518013,-0.028201952576637268,-0.027437882497906685,-0.0266738124191761,-0.02590974234044552,-0.025145672261714935,-0.024381600320339203,-0.02361753024160862,-0.022853460162878036,-0.022089390084147453,-0.02132531814277172,-0.020561248064041138,-0.019797179847955704,-0.01903310976922512,-0.018269037827849388,-0.017504967749118805,-0.016740897670388222,-0.01597682759165764,-0.01521275658160448,-0.014448685571551323,-0.01368461549282074,-0.012920545414090157,-0.012156474404036999,-0.011392404325306416,-0.010628333315253258,-0.009864263236522675,-0.009100192226469517,-0.008336122147738934,-0.007572051603347063,-0.0068079810589551926,-0.006043910514563322,-0.005279839970171452,-0.004515769891440868,-0.0037516991142183542,-0.0029876288026571274,-0.002223558258265257,-0.0014594877138733864,-0.0006954172276891768,6.865325849503279e-05,0.0008327237446792424,0.001596794230863452,0.0023608647752553225,0.0031249350868165493,0.00388900563120842,0.00465307617560029],"_type":"histogram"},"gradients/model.lin4.biases":{"_type":"histogram","values":[3,1,1,0,0,2,2,1,0,2,0,1,1,1,1,1,0,0,1,1,0,0,0,0,1,2,1,1,0,0,0,0,0,0,0,0,1,0,0,0,0,0,1,0,0,0,0,0,0,0,0,0,0,0,0,0,0,0,0,0,0,0,0,230],"bins":[-0.008097500540316105,-0.007970976643264294,-0.007844453677535057,-0.007717929780483246,-0.007591405883431435,-0.007464882452040911,-0.0073383585549890995,-0.007211835123598576,-0.007085311226546764,-0.0069587877951562405,-0.006832263898104429,-0.006705740466713905,-0.006579216569662094,-0.00645269313827157,-0.006326169241219759,-0.006199645809829235,-0.006073121912777424,-0.0059465984813869,-0.005820075049996376,-0.005693551152944565,-0.005567027721554041,-0.00544050382450223,-0.005313980393111706,-0.0051874564960598946,-0.005060933064669371,-0.004934409167617559,-0.0048078857362270355,-0.004681361839175224,-0.0045548384077847,-0.004428314510732889,-0.004301791079342365,-0.004175267182290554,-0.00404874375090003,-0.003922219853848219,-0.0037956961896270514,-0.0036691727582365274,-0.00354264909401536,-0.0034161254297941923,-0.0032896017655730247,-0.003163078101351857,-0.0030365544371306896,-0.002910030772909522,-0.0027835071086883545,-0.002656983444467187,-0.0025304597802460194,-0.002403936116024852,-0.0022774124518036842,-0.0021508887875825167,-0.002024365123361349,-0.0018978415755555034,-0.0017713179113343358,-0.0016447942471131682,-0.0015182705828920007,-0.0013917469186708331,-0.0012652232544496655,-0.0011386997066438198,-0.0010121760424226522,-0.0008856523782014847,-0.0007591287139803171,-0.0006326050497591496,-0.000506081385537982,-0.0003795577504206449,-0.00025303411530330777,-0.00012651046563405544,1.318906406311271e-08]},"test_loss":0.0005342793644546237,"gradients/model.lin2.biases":{"values":[1,0,0,0,0,0,0,0,0,0,0,0,0,0,0,0,0,0,0,0,0,0,0,1,1,0,1,0,1,1,0,1,0,0,1,0,0,0,1,0,0,1,0,0,0,1,0,1,1,0,0,1,0,0,1,0,0,0,1,495,0,0,0,1],