{"_step":62,"epoch":61,"gradients/model.lin2.biases":{"_type":"histogram","values":[1,0,0,0,0,1,1,0,0,1,1,1,2,1,0,4,5,3,2,0,2,3,5,0,4,6,5,3,165,1,1,4,1,2,1,3,1,2,0,0,1,0,0,0,0,0,1,4,0,0,0,0,1,0,0,0,0,0,0,0,0,0,0,1],"bins":[-0.32569876313209534,-0.3144303858280182,-0.30316197872161865,-0.2918936014175415,-0.28062519431114197,-0.2693568170070648,-0.2580884099006653,-0.24682003259658813,-0.2355516403913498,-0.22428324818611145,-0.2130148559808731,-0.20174646377563477,-0.19047808647155762,-0.17920969426631927,-0.16794130206108093,-0.1566729098558426,-0.14540451765060425,-0.1341361254453659,-0.12286773324012756,-0.11159934848546982,-0.10033095628023148,-0.08906256407499313,-0.07779417932033539,-0.06652578711509705,-0.055257394909858704,-0.04398900270462036,-0.03272061422467232,-0.021452223882079124,-0.010183833539485931,0.0010845568031072617,0.012352947145700455,0.023621337488293648,0.03488975763320923,0.04615814983844757,0.057426538318395615,0.06869492679834366,0.079963319003582,0.09123171120882034,0.10250009596347809,0.11376848816871643,0.12503688037395477,0.13630527257919312,0.14757366478443146,0.1588420569896698,0.17011043429374695,0.1813788264989853,0.19264721870422363,0.20391561090946198,0.21518400311470032,0.22645239531993866,0.237720787525177,0.24898917973041534,0.2602575719356537,0.27152594923973083,0.28279435634613037,0.2940627336502075,0.30533111095428467,0.3165995180606842,0.32786789536476135,0.3391363024711609,0.35040467977523804,0.3616730868816376,0.3729414641857147,0.38420987129211426,0.3954782485961914]},"gradients/model.lin3.biases":{"values":[1,0,1,1,0,1,1,0,3,3,3,1,6,4,1,2,6,2,3,3,3,4,5,7,262,8,5,1,2,2,1,2,3,1,1,2,3,1,1,0,0,0,0,0,0,2,0,0,0,0,0,0,0,0,0,0,1,0,0,0,0,0,0,1],"bins":[-0.1707088053226471,-0.16364744305610657,-0.15658606588840485,-0.14952470362186432,-0.1424633413553238,-0.13540196418762207,-0.12834060192108154,-0.12127923220396042,-0.1142178624868393,-0.10715650022029877,-0.10009513050317764,-0.09303376078605652,-0.08597239851951599,-0.07891102880239487,-0.07184965908527374,-0.06478829681873322,-0.05772692710161209,-0.050665561109781265,-0.04360419139266014,-0.036542825400829315,-0.02948145754635334,-0.022420089691877365,-0.015358722768723965,-0.008297355845570564,-0.0012359879910945892,0.0058253793977200985,0.012886746786534786,0.019948113709688187,0.02700948156416416,0.03407084941864014,0.04113221541047096,0.04819358512759209,0.05525495111942291,0.06231631711125374,0.06937768310308456,0.07643905282020569,0.08350042253732681,0.09056178480386734,0.09762315452098846,0.10468452423810959,0.11174589395523071,0.11880725622177124,0.12586861848831177,0.1329299956560135,0.13999135792255402,0.14705272018909454,0.15411409735679626,0.1611754596233368,0.16823682188987732,0.17529819905757904,0.18235956132411957,0.1894209384918213,0.19648230075836182,0.20354366302490234,0.21060504019260406,0.2176664024591446,0.22472776472568512,0.23178914189338684,0.23885050415992737,0.2459118664264679,0.2529732286930084,0.26003459095954895,0.26709598302841187,0.2741573452949524,0.2812187075614929],"_type":"histogram"},"gradients/model.lin5.weights":{"_type":"histogram","values":[2,0,0,0,0,0,0,0,0,0,1,1,1,0,0,3,2,0,1,1,0,0,2,0,2,1,1,0,0,0,1,0,0,1,0,0,0,0,0,0,1,0,0,0,0,0,0,0,0,0,378,28,24,13,9,3,0,2,0,1,0,0,0,1],"bins":[-5.159918785095215,-5.058252811431885,-4.956587314605713,-4.854921340942383,-4.753255367279053,-4.651589393615723,-4.549923896789551,-4.448257923126221,-4.346591949462891,-4.244926452636719,-4.143260478973389,-4.041594505310059,-3.9399287700653076,-3.8382627964019775,-3.7365970611572266,-3.6349310874938965,-3.5332653522491455,-3.4315996170043945,-3.3299336433410645,-3.2282679080963135,-3.1266019344329834,-3.0249361991882324,-2.9232702255249023,-2.8216044902801514,-2.7199387550354004,-2.6182727813720703,-2.5166070461273193,-2.4149410724639893,-2.3132753372192383,-2.211609363555908,-2.1099436283111572,-2.008277654647827,-1.906611680984497,-1.8049458265304565,-1.703279972076416,-1.6016141176223755,-1.499948263168335,-1.398282527923584,-1.2966166734695435,-1.194950819015503,-1.0932849645614624,-0.9916191101074219,-0.8899532556533813,-0.7882874608039856,-0.6866216063499451,-0.5849557518959045,-0.4832899272441864,-0.38162410259246826,-0.27995824813842773,-0.1782924085855484,-0.07662656903266907,0.025039270520210266,0.1267051100730896,0.22837094962596893,0.33003678917884827,0.4317026138305664,0.5333684682846069,0.6350343227386475,0.736700177192688,0.8383659720420837,0.9400318264961243,1.04169762134552,1.1433634757995605,1.245029330253601,1.3466951847076416]},"gradients/model.lin1.weights":{"values":[1,0,0,0,1,0,0,0,0,0,0,0,0,1,0,1,0,2,0,2,0,4,3,7,3,3,6,6,11,11,16,12,14,411,8,16,6,10,14,4,2,5,4,1,3,5,2,0,1,0,0,1,0,1,0,0,0,0,0,0,1,0,0,1],"bins":[-0.5390597581863403,-0.5228506326675415,-0.5066415667533875,-0.4904324412345886,-0.4742233455181122,-0.45801424980163574,-0.4418051242828369,-0.4255960285663605,-0.40938693284988403,-0.3931778371334076,-0.37696874141693115,-0.3607596158981323,-0.3445505201816559,-0.32834142446517944,-0.3121322989463806,-0.2959232032299042,-0.27971410751342773,-0.2635050117969513,-0.24729590117931366,-0.23108679056167603,-0.21487769484519958,-0.19866859912872314,-0.1824594885110855,-0.16625037789344788,-0.15004128217697144,-0.133832186460495,-0.11762307584285736,-0.10141397267580032,-0.08520486950874329,-0.06899576634168625,-0.05278666317462921,-0.036577560007572174,-0.020368486642837524,-0.004159383475780487,0.01204971969127655,0.028258822858333588,0.044467926025390625,0.06067702919244766,0.0768861323595047,0.09309523552656174,0.10930433869361877,0.12551343441009521,0.14172254502773285,0.15793165564537048,0.17414075136184692,0.19034984707832336,0.206558957695961,0.22276806831359863,0.23897716403007507,0.2551862597465515,0.27139538526535034,0.2876044809818268,0.3038135766983032,0.32002267241477966,0.3362317681312561,0.35244089365005493,0.36864998936653137,0.3848590850830078,0.40106821060180664,0.4172773063182831,0.4334864020347595,0.44969549775123596,0.4659045934677124,0.48211371898651123,0.49832281470298767],"_type":"histogram"},"train_loss":-5.551480120385599,"_wandb":{"runtime":39},"_runtime":39.335974492,"_timestamp":1.7524293709206858e+09,"gradients/model.lin5.biases":{"_type":"histogram","values":[1,0,0,0,0,0,0,0,0,0,0,0,0,0,0,0,0,0,0,0,0,0,0,0,0,0,0,0,0,0,0,0,0,0,0,0,0,0,0,0,0,0,0,0,0,0,0,0,0,0,0,0,0,0,0,0,1,8,0,0,0,1,0,1],"bins":[-2.88733172416687,-2.8368935585021973,-2.7864553928375244,-2.7360172271728516,-2.6855790615081787,-2.635140895843506,-2.584702730178833,-2.53426456451416,-2.4838263988494873,-2.4333882331848145,-2.3829500675201416,-2.3325119018554688,-2.282073736190796,-2.231635570526123,-2.18119740486145,-2.1307592391967773,-2.0803210735321045,-2.0298829078674316,-1.9794448614120483,-1.9290066957473755,-1.8785685300827026,-1.8281303644180298,-1.777692198753357,-1.727254033088684,-1.6768158674240112,-1.6263777017593384,-1.5759395360946655,-1.5255013704299927,-1.4750632047653198,-1.424625039100647,-1.3741868734359741,-1.3237487077713013,-1.2733105421066284,-1.2228723764419556,-1.1724342107772827,-1.1219960451126099,-1.071557879447937,-1.0211197137832642,-0.9706815481185913,-0.9202433824539185,-0.8698052167892456,-0.8193671107292175,-0.7689289450645447,-0.7184907793998718,-0.668052613735199,-0.6176144480705261,-0.5671762824058533,-0.5167381167411804,-0.46629995107650757,-0.4158617854118347,-0.36542361974716187,-0.314985454082489,-0.26454728841781616,-0.2141091376543045,-0.16367098689079285,-0.11323282122612,-0.06279465556144714,-0.01235649362206459,0.03808166831731796,0.08851982653141022,0.13895799219608307,0.18939615786075592,0.23983430862426758,0.29027247428894043,0.3407106399536133]},"gradients/model.lin2.weights":{"_type":"histogram","values":[1,1,4,2,3,0,2,2,4,5,3,3,11,12,17,15,29,36,47,67,84,99,115,186,241,331,414,6974,257,157,104,73,77,61,43,21,19,15,13,12,10,6,2,4,1,1,3,3,0,1,1,0,2,1,1,0,1,1,0,0,1,0,0,1],