{"gradients/model.lin3.biases":{"_type":"histogram","values":[1,0,0,1,1,1,1,0,0,0,0,0,2,0,1,1,1,1,0,3,2,2,3,2,3,2,1,2,1,2,1,2,2,6,2,5,1,1,264,5,2,3,3,0,2,1,1,1,3,2,3,2,4,0,2,1,1,1,0,1,0,1,0,3],"bins":[-0.8924683332443237,-0.8694289922714233,-0.846389651298523,-0.8233502507209778,-0.8003109097480774,-0.777271568775177,-0.7542322278022766,-0.7311928868293762,-0.708153486251831,-0.6851141452789307,-0.6620748043060303,-0.6390354633331299,-0.6159961223602295,-0.5929567813873291,-0.5699173808097839,-0.5468780398368835,-0.5238386988639832,-0.5007993578910828,-0.47775998711586,-0.4547206461429596,-0.4316812753677368,-0.4086419343948364,-0.38560259342193604,-0.36256322264671326,-0.33952388167381287,-0.3164845407009125,-0.2934451699256897,-0.2704058289527893,-0.24736647307872772,-0.22432711720466614,-0.20128777623176575,-0.17824842035770416,-0.15520912408828735,-0.13216976821422577,-0.10913041979074478,-0.0860910713672638,-0.06305171549320221,-0.04001236334443092,-0.016973011195659637,0.0060663409531116486,0.029105693101882935,0.05214504525065422,0.0751843973994255,0.0982237458229065,0.12126310169696808,0.14430245757102966,0.16734179854393005,0.19038115441799164,0.21342051029205322,0.2364598661661148,0.2594992220401764,0.2825385630130768,0.30557793378829956,0.32861727476119995,0.35165661573410034,0.3746959865093231,0.3977353274822235,0.4207746684551239,0.4438140392303467,0.46685338020324707,0.48989272117614746,0.5129320621490479,0.535971462726593,0.5590108036994934,0.5820501446723938]},"_step":25,"gradients/model.lin1.biases":{"bins":[-0.6514272689819336,-0.6359935402870178,-0.6205598711967468,-0.605126142501831,-0.5896924138069153,-0.5742587447166443,-0.5588250160217285,-0.5433913469314575,-0.5279576182365417,-0.512523889541626,-0.4970901906490326,-0.4816564917564392,-0.4662227928638458,-0.45078906416893005,-0.43535536527633667,-0.4199216663837433,-0.4044879674911499,-0.38905423879623413,-0.37362053990364075,-0.35818684101104736,-0.3427531123161316,-0.3273194134235382,-0.3118857145309448,-0.29645201563835144,-0.28101828694343567,-0.2655845880508423,-0.2501508891582489,-0.23471717536449432,-0.21928346157073975,-0.20384976267814636,-0.18841604888439178,-0.1729823499917984,-0.15754863619804382,-0.14211492240428925,-0.12668122351169586,-0.11124751716852188,-0.0958138108253479,-0.08038009703159332,-0.06494639068841934,-0.04951268434524536,-0.03407897800207138,-0.0186452716588974,-0.00321156345307827,0.012222143821418285,0.02765585109591484,0.04308955743908882,0.0585232675075531,0.07395697385072708,0.08939068019390106,0.10482438653707504,0.12025809288024902,0.1356918066740036,0.15112550556659698,0.16655921936035156,0.18199291825294495,0.19742663204669952,0.2128603458404541,0.22829404473304749,0.24372775852680206,0.25916147232055664,0.27459517121315,0.2900288701057434,0.3054625689983368,0.32089629769325256,0.33632999658584595],"_type":"histogram","values":[1,0,0,0,0,0,0,0,0,0,0,0,0,1,0,0,0,0,0,1,1,1,1,0,0,2,0,0,1,1,0,2,0,2,1,1,0,1,2,0,2,3,80,1,0,4,0,3,0,1,1,1,0,2,0,0,1,1,0,0,0,0,0,1]},"gradients/model.lin4.weights":{"bins":[-2.9092602729797363,-2.8226895332336426,-2.7361185550689697,-2.649547815322876,-2.562976837158203,-2.4764060974121094,-2.3898351192474365,-2.3032643795013428,-2.21669340133667,-2.130122661590576,-2.0435516834259033,-1.9569809436798096,-1.8704100847244263,-1.783839225769043,-1.6972683668136597,-1.6106975078582764,-1.524126648902893,-1.4375557899475098,-1.3509849309921265,-1.2644140720367432,-1.1778432130813599,-1.0912723541259766,-1.0047014951705933,-0.9181306958198547,-0.8315598368644714,-0.7449889779090881,-0.6584181189537048,-0.5718472599983215,-0.4852764308452606,-0.3987055718898773,-0.3121347427368164,-0.2255638837814331,-0.1389930248260498,-0.0524221733212471,0.0341486781835556,0.1207195296883583,0.207290381193161,0.2938612401485443,0.3804320693016052,0.4670029282569885,0.5535737872123718,0.6401446461677551,0.7267155051231384,0.8132863640785217,0.8998571634292603,0.9864280223846436,1.0729988813400269,1.1595697402954102,1.2461405992507935,1.3327114582061768,1.41928231716156,1.5058531761169434,1.5924240350723267,1.67899489402771,1.7655657529830933,1.8521366119384766,1.9387073516845703,2.025278329849243,2.111849069595337,2.1984200477600098,2.2849907875061035,2.3715617656707764,2.45813250541687,2.544703483581543,2.6312742233276367],"_type":"histogram","values":[4,0,0,0,0,1,3,2,0,0,3,8,10,3,15,14,13,16,21,29,31,45,43,52,63,76,85,94,115,113,148,145,141,12126,236,91,82,81,78,56,50,40,38,37,29,23,32,22,17,18,12,9,9,8,1,0,1,4,3,0,0,0,2,2]},"gradients/model.lin3.weights":{"_type":"histogram","values":[1,2,1,2,2,2,3,2,2,3,6,8,8,8,5,6,12,24,23,24,31,39,37,49,71,73,84,104,133,143,172,209,216,255,342,531,734,22503,827,493,303,228,189,164,165,109,88,86,63,38,52,32,24,14,10,13,5,7,8,3,1,4,2,2],"bins":[-0.7460196018218994,-0.7263163328170776,-0.7066130638122559,-0.6869097948074341,-0.6672065258026123,-0.6475032567977905,-0.6277999877929688,-0.608096718788147,-0.5883934497833252,-0.5686901807785034,-0.5489869117736816,-0.5292836427688599,-0.5095803737640381,-0.4898771345615387,-0.4701738655567169,-0.45047059655189514,-0.43076732754707336,-0.4110640585422516,-0.3913607895374298,-0.37165752053260803,-0.35195425152778625,-0.3322509825229645,-0.3125477135181427,-0.2928444445133209,-0.27314120531082153,-0.25343793630599976,-0.23373465240001678,-0.214031383395195,-0.19432812929153442,-0.17462486028671265,-0.15492159128189087,-0.1352183222770691,-0.11551505327224731,-0.09581178426742554,-0.07610851526260376,-0.05640525370836258,-0.0367019847035408,-0.016998717561364174,0.0027045495808124542,0.022407816722989082,0.04211108386516571,0.06181435286998749,0.08151762187480927,0.10122088342905045,0.12092415243387222,0.1406274139881134,0.16033068299293518,0.18003395199775696,0.19973722100257874,0.2194404900074005,0.2391437590122223,0.25884702801704407,0.27855029702186584,0.2982535660266876,0.3179568350315094,0.3376601040363312,0.35736334323883057,0.37706661224365234,0.3967698812484741,0.4164731502532959,0.4361764192581177,0.45587968826293945,0.47558295726776123,0.495286226272583,0.5149894952774048]},"_timestamp":1.75225842233023e+09,"_wandb":{"runtime":17},"test_loss":56351.02739726027,"gradients/model.lin1.weights":{"bins":[-0.29842355847358704,-0.2893820106983185,-0.2803404629230499,-0.27129894495010376,-0.2622573971748352,-0.25321584939956665,-0.2441743016242981,-0.23513276875019073,-0.22609122097492218,-0.21704967319965363,-0.20800814032554626,-0.1989665925502777,-0.18992504477500916,-0.1808835119009018,-0.17184196412563324,-0.16280043125152588,-0.15375888347625732,-0.14471733570098877,-0.1356758028268814,-0.12663425505161285,-0.1175927147269249,-0.10855117440223694,-0.09950962662696838,-0.09046808630228043,-0.08142654597759247,-0.07238500565290451,-0.06334346532821655,-0.054301917552948,-0.04526037722826004,-0.03621883690357208,-0.027177292853593826,-0.01813575066626072,-0.009094208478927612,-5.266629159450531e-05,0.008988875895738602,0.01803041808307171,0.027071960270404816,0.03611350059509277,0.04515504464507103,0.054196588695049286,0.06323812901973724,0.0722796693444252,0.08132120966911316,0.09036275744438171,0.09940429776906967,0.10844583809375763,0.11748738586902618,0.12652891874313354,0.1355704665184021,0.14461201429367065,0.15365354716777802,0.16269509494304657,0.17173662781715393,0.18077817559242249,0.18981972336769104,0.1988612562417984,0.20790280401706696,0.2169443517923355,0.22598588466644287,0.23502743244171143,0.24406898021697998,0.25311052799224854,0.2621520459651947,0.27119359374046326,0.2802351415157318],"_type":"histogram","values":[1,0,1,0,1,0,0,2,2,1,3,2,1,1,4,2,1,2,5,2,2,3,2,6,4,6,7,6,6,7,5,10,4,412,7,3,9,6,5,9,5,6,2,5,8,2,1,3,1,1,1,2,2,2,0,3,0,1,1,0,0,1,2,1]},