{"train_loss":-4.772427742941337,"gradients/model.lin5.weights":{"values":[1,426,13,1,1,1,3,3,1,1,7,5,0,1,1,1,3,0,1,0,0,0,0,0,0,1,0,0,0,1,0,0,1,0,0,0,1,2,0,1,0,0,0,0,1,0,0,0,0,0,0,1,0,0,0,0,0,0,0,0,0,0,0,1],"bins":[-1.635962963104248,-0.6383639574050903,0.3592350482940674,1.356834053993225,2.354433059692383,3.35203218460083,4.349631309509277,5.347229957580566,6.344829082489014,7.342428207397461,8.34002685546875,9.337626457214355,10.335225105285645,11.332823753356934,12.330423355102539,13.328022003173828,14.325620651245117,15.323220252990723,16.320819854736328,17.318418502807617,18.316017150878906,19.313615798950195,20.311214447021484,21.308815002441406,22.306413650512695,23.304012298583984,24.301610946655273,25.299209594726562,26.296810150146484,27.294408798217773,28.292007446289062,29.28960609436035,30.28720474243164,31.28480339050293,32.28240203857422,33.28000259399414,34.2775993347168,35.27519989013672,36.27280044555664,37.2703971862793,38.26799774169922,39.265594482421875,40.2631950378418,41.26079559326172,42.258392333984375,43.2559928894043,44.25358963012695,45.251190185546875,46.24878692626953,47.24638748168945,48.243988037109375,49.24158477783203,50.23918533325195,51.23678207397461,52.23438262939453,53.23198318481445,54.22957992553711,55.22718048095703,56.22477722167969,57.22237777709961,58.21997833251953,59.21757507324219,60.21517562866211,61.212772369384766,62.21037292480469],"_type":"histogram"},"gradients/model.lin2.weights":{"values":[1,1,3,1,4,1,5,2,3,6,13,20,14,21,27,34,30,46,65,74,102,166,262,341,7138,325,225,131,90,70,66,46,34,43,21,16,17,20,15,9,11,10,7,6,6,9,2,4,5,5,5,2,1,6,2,4,1,1,1,2,0,0,1,1],"bins":[-0.40408211946487427,-0.38748598098754883,-0.3708898723125458,-0.35429373383522034,-0.3376976251602173,-0.32110148668289185,-0.3045053780078888,-0.28790923953056335,-0.2713131308555603,-0.25471699237823486,-0.23812086880207062,-0.22152474522590637,-0.20492860674858093,-0.1883324831724167,-0.17173635959625244,-0.1551402360200882,-0.13854411244392395,-0.1219479888677597,-0.10535186529159546,-0.08875573426485062,-0.07215961068868637,-0.055563487112522125,-0.03896735981106758,-0.022371234372258186,-0.0057751089334487915,0.010821016505360603,0.027417141944169998,0.04401326924562454,0.06060939282178879,0.07720551639795303,0.09380164742469788,0.11039777100086212,0.12699389457702637,0.1435900181531906,0.16018614172935486,0.1767822653055191,0.19337838888168335,0.2099745273590088,0.22657065093517303,0.24316677451133728,0.25976288318634033,0.27635902166366577,0.2929551601409912,0.30955126881599426,0.3261474072933197,0.34274351596832275,0.3593396544456482,0.37593576312065125,0.3925319015979767,0.4091280400753021,0.4257241487503052,0.4423202872276306,0.45891639590263367,0.4755125343799591,0.49210864305496216,0.5087047815322876,0.525300920009613,0.5418970584869385,0.5584931373596191,0.5750892758369446,0.59168541431427,0.6082815527915955,0.6248776316642761,0.6414737701416016,0.658069908618927],"_type":"histogram"},"epoch":93,"_timestamp":1.752236857272419e+09,"gradients/model.lin1.weights":{"bins":[-1.0798884630203247,-1.0504552125930786,-1.021021842956543,-0.9915885329246521,-0.9621552228927612,-0.9327219128608704,-0.9032886028289795,-0.8738552927970886,-0.8444219827651978,-0.8149887323379517,-0.7855554223060608,-0.7561221122741699,-0.726688802242279,-0.6972554922103882,-0.6678221821784973,-0.6383888721466064,-0.6089555621147156,-0.5795222520828247,-0.5500889420509338,-0.520655632019043,-0.4912223219871521,-0.4617890417575836,-0.43235573172569275,-0.4029224216938019,-0.373489111661911,-0.34405580163002014,-0.3146224915981293,-0.2851891815662384,-0.2557559013366699,-0.22632257640361786,-0.19688928127288818,-0.16745597124099731,-0.13802266120910645,-0.10858935117721558,-0.0791560485959053,-0.04972274228930473,-0.020289435982704163,0.009143870323896408,0.03857717663049698,0.06801047921180725,0.09744378924369812,0.126877099275589,0.15631040930747986,0.18574370443820953,0.2151770144701004,0.24461032450199127,0.27404361963272095,0.3034769296646118,0.3329102396965027,0.36234354972839355,0.3917768597602844,0.4212101697921753,0.45064347982406616,0.48007676005363464,0.5095100998878479,0.5389434099197388,0.5683766603469849,0.5978099703788757,0.6272432804107666,0.6566765904426575,0.6861099004745483,0.7155432105064392,0.7449765205383301,0.774409830570221,0.8038431406021118],"_type":"histogram","values":[1,0,0,0,0,0,0,0,0,1,0,0,0,0,0,1,1,0,1,1,1,1,2,0,3,2,5,2,7,7,7,7,11,19,11,16,423,12,9,9,5,6,4,1,7,2,6,1,1,2,1,1,1,0,0,0,1,0,0,0,0,0,0,1]},"gradients/model.lin4.weights":{"_type":"histogram","values":[1,0,0,1,2,0,2,0,3,2,1,6,9,9,9,14,19,24,37,30,51,62,86,93,130,135,159,12626,172,105,98,74,68,54,56,45,38,28,26,22,18,13,16,10,8,5,2,8,5,3,4,1,1,2,2,2,1,0,0,1,0,0,0,1],"bins":[-4.9907732009887695,-4.80949068069458,-4.628207683563232,-4.446925163269043,-4.2656426429748535,-4.084359645843506,-3.9030771255493164,-3.721794605255127,-3.5405118465423584,-3.35922908782959,-3.1779465675354004,-2.996663808822632,-2.8153810501098633,-2.634098529815674,-2.4528157711029053,-2.271533250808716,-2.0902504920959473,-1.9089678525924683,-1.7276852130889893,-1.5464024543762207,-1.3651198148727417,-1.1838371753692627,-1.0025544166564941,-0.8212717771530151,-0.6399891376495361,-0.45870646834373474,-0.27742379903793335,-0.09614112973213196,0.08514153957366943,0.2664242088794708,0.4477068781852722,0.628989577293396,0.810272216796875,0.991554856300354,1.172837495803833,1.3541202545166016,1.5354028940200806,1.7166855335235596,1.8979682922363281,2.0792508125305176,2.260533571243286,2.4418163299560547,2.623098850250244,2.8043816089630127,2.9856643676757812,3.1669468879699707,3.3482296466827393,3.5295121669769287,3.7107949256896973,3.892077684402466,4.073360443115234,4.254642963409424,4.435925483703613,4.617208480834961,4.79849100112915,4.97977352142334,5.1610565185546875,5.342339038848877,5.523621559143066,5.704904079437256,5.8861870765686035,6.067469596862793,6.248752117156982,6.43003511428833,6.6113176345825195]},"_runtime":60.072131131,"test_loss":1.0445208547945205e+07,"gradients/model.lin1.biases":{"values":[1,1,0,0,0,2,2,0,1,0,2,1,0,0,0,1,1,1,1,0,1,2,3,1,2,80,1,2,1,2,0,0,2,1,0,1,0,1,2,2,0,0,0,0,1,0,0,0,0,0,0,0,0,0,0,0,0,0,0,0,0,0,0,1],"bins":[-0.33280763030052185,-0.31963497400283813,-0.30646228790283203,-0.2932896316051483,-0.2801169455051422,-0.2669442892074585,-0.2537716031074524,-0.24059894680976868,-0.22742627561092377,-0.21425360441207886,-0.20108093321323395,-0.18790826201438904,-0.17473560571670532,-0.1615629345178604,-0.1483902633190155,-0.1352175921201706,-0.12204492092132568,-0.10887224972248077,-0.09569957852363586,-0.08252691477537155,-0.06935424357652664,-0.05618157237768173,-0.04300890490412712,-0.02983623556792736,-0.0166635662317276,-0.0034908968955278397,0.00968177244067192,0.02285444177687168,0.03602711111307144,0.04919978231191635,0.06237244978547096,0.07554511725902557,0.0887177586555481,0.101890429854393,0.11506310105323792,0.12823577225208282,0.14140844345092773,0.15458109974861145,0.16775377094745636,0.18092644214630127,0.19409911334514618,0.2072717845439911,0.220444455742836,0.2336171269416809,0.24678978323936462,0.2599624693393707,0.27313512563705444,0.28630781173706055,0.29948046803474426,0.312653124332428,0.3258258104324341,0.3389984667301178,0.3521711528301239,0.3653438091278076,0.3785164952278137,0.39168915152549744,0.40486180782318115,0.41803449392318726,0.43120715022087097,0.4443798363208771,0.4575524926185608,0.4707251787185669,0.4838978350162506,0.4970705211162567,0.5102431774139404],"_type":"histogram"},"gradients/model.lin2.biases":{"values":[1,0,0,0,0,0,0,0,0,0,1,1,2,0,0,0,0,1,1,1,1,0,0,2,2,4,0,4,4,4,1,2,171,4,5,4,3,2,1,3,0,1,0,0,0,1,0,3,1,0,0,0,0,1,2,1,0,2,1,0,0,0,1,1],