{"_runtime":43.070889715,"test_rmse":1.2071533736624693,"gradients/model.lin2.weights":{"_type":"histogram","values":[1,0,0,0,1,0,1,1,0,0,0,1,3,3,3,5,4,0,2,10,13,11,16,30,37,64,62,134,271,7724,568,211,128,77,55,40,33,20,16,10,8,8,5,7,5,1,1,0,1,2,2,1,0,1,0,0,0,0,1,0,0,0,1,1],"bins":[-0.6152288317680359,-0.594648003578186,-0.5740671157836914,-0.5534862875938416,-0.5329054594039917,-0.5123246312141418,-0.4917437732219696,-0.47116291522979736,-0.4505820870399475,-0.43000125885009766,-0.4094204008579254,-0.3888395428657532,-0.3682587146759033,-0.34767788648605347,-0.3270970284938812,-0.306516170501709,-0.28593534231185913,-0.2653545141220093,-0.24477365612983704,-0.224192813038826,-0.20361196994781494,-0.1830311268568039,-0.16245028376579285,-0.1418694406747818,-0.12128859758377075,-0.1007077544927597,-0.08012691140174866,-0.05954606831073761,-0.03896522521972656,-0.018384382128715515,0.0021964609622955322,0.02277730405330658,0.04335808753967285,0.0639389306306839,0.08451977372169495,0.105100616812706,0.12568145990371704,0.1462623029947281,0.16684314608573914,0.18742398917675018,0.20800483226776123,0.22858567535877228,0.24916651844978333,0.26974737644195557,0.2903282046318054,0.3109090328216553,0.3314898908138275,0.35207074880599976,0.3726515769958496,0.39323240518569946,0.4138132631778717,0.43439412117004395,0.4549749493598938,0.47555577754974365,0.4961366355419159,0.5167174935340881,0.537298321723938,0.5578791499137878,0.5784599781036377,0.5990408658981323,0.6196216940879822,0.640202522277832,0.6607834100723267,0.6813642382621765,0.7019450664520264]},"gradients/model.lin4.biases":{"bins":[-1.309682846069336,-1.2670567035675049,-1.2244305610656738,-1.1818044185638428,-1.1391782760620117,-1.0965521335601807,-1.0539259910583496,-1.0112998485565186,-0.9686737656593323,-0.9260476231575012,-0.8834214806556702,-0.8407953381538391,-0.7981692552566528,-0.7555431127548218,-0.7129169702529907,-0.6702908277511597,-0.6276646852493286,-0.5850385427474976,-0.5424124002456665,-0.49978628754615784,-0.4571601450443268,-0.4145340025424957,-0.37190788984298706,-0.329281747341156,-0.28665560483932495,-0.2440294623374939,-0.20140333473682404,-0.15877720713615417,-0.11615106463432312,-0.07352492958307266,-0.030898794531822205,0.011727340519428253,0.05435347557067871,0.09697961062192917,0.13960574567317963,0.1822318732738495,0.22485801577568054,0.2674841582775116,0.31011027097702026,0.3527364134788513,0.3953625559806824,0.4379886984825134,0.4806148409843445,0.5232409834861755,0.5658670663833618,0.6084932088851929,0.6511193513870239,0.693745493888855,0.736371636390686,0.7789977788925171,0.8216239213943481,0.8642500638961792,0.9068762063980103,0.9495022892951965,0.9921284317970276,1.0347546339035034,1.077380657196045,1.120006799697876,1.162632942199707,1.205259084701538,1.2478852272033691,1.2905113697052002,1.3331375122070312,1.3757636547088623,1.4183897972106934],"_type":"histogram","values":[2,0,0,0,1,0,1,0,0,0,1,0,0,0,1,0,0,0,1,0,1,0,0,0,0,1,0,0,1,2,92,0,2,0,2,1,0,0,1,0,0,1,2,1,1,0,0,1,0,0,1,0,0,0,0,0,0,1,0,0,0,1,0,1]},"gradients/model.lin2.biases":{"values":[1,0,0,0,0,0,0,1,0,0,0,0,1,1,1,0,0,1,0,2,2,3,1,0,3,2,2,3,5,1,4,168,3,2,7,2,4,3,1,3,1,3,1,3,1,0,0,1,1,0,0,0,0,0,0,1,0,0,0,0,0,0,0,1],"bins":[-0.5333317518234253,-0.5162740349769592,-0.49921631813049316,-0.4821586012840271,-0.46510088443756104,-0.44804316759109497,-0.4309854507446289,-0.41392773389816284,-0.3968700170516968,-0.3798123002052307,-0.36275458335876465,-0.3456968665122986,-0.3286391496658325,-0.31158143281936646,-0.2945237159729004,-0.2774659991264343,-0.26040828227996826,-0.2433505654335022,-0.22629284858703613,-0.20923513174057007,-0.192177414894104,-0.17511969804763794,-0.15806198120117188,-0.1410042643547058,-0.12394654750823975,-0.10688883066177368,-0.08983111381530762,-0.07277339696884155,-0.05571568012237549,-0.038657963275909424,-0.02160024642944336,-0.004542529582977295,0.01251518726348877,0.029572904109954834,0.0466306209564209,0.06368833780288696,0.08074605464935303,0.09780377149581909,0.11486148834228516,0.13191920518875122,0.14897692203521729,0.16603463888168335,0.18309235572814941,0.20015007257461548,0.21720778942108154,0.2342655062675476,0.25132322311401367,0.26838093996047974,0.2854386568069458,0.30249637365341187,0.31955409049987793,0.336611807346344,0.35366952419281006,0.3707272410392761,0.3877849578857422,0.40484267473220825,0.4219003915786743,0.4389581084251404,0.45601582527160645,0.4730735421180725,0.4901312589645386,0.5071889758110046,0.5242466926574707,0.5413044095039368,0.5583621263504028],"_type":"histogram"},"_step":65,"gradients/model.lin3.weights":{"_type":"histogram","values":[2,0,4,4,5,3,9,5,10,10,16,19,33,39,55,45,65,79,125,139,158,226,303,361,465,23491,876,440,336,284,239,204,162,121,96,73,57,54,32,27,20,21,18,9,11,11,5,7,4,4,0,6,0,1,3,1,2,0,2,0,1,1,0,1],"bins":[-0.6659716367721558,-0.6400999426841736,-0.6142281889915466,-0.5883564949035645,-0.5624847412109375,-0.5366130471229553,-0.5107412934303284,-0.4848695993423462,-0.4589978754520416,-0.43312615156173706,-0.4072544276714325,-0.38138270378112793,-0.35551100969314575,-0.3296392858028412,-0.3037675619125366,-0.27789583802223206,-0.2520241141319275,-0.22615239024162292,-0.20028066635131836,-0.174408957362175,-0.14853723347187042,-0.12266550958156586,-0.09679379314184189,-0.07092207670211792,-0.045050352811813354,-0.019178632646799088,0.0066930875182151794,0.032564807683229446,0.05843652784824371,0.08430825173854828,0.11017996817827225,0.13605168461799622,0.161923348903656,0.18779507279396057,0.21366679668426514,0.2395385056734085,0.26541024446487427,0.29128193855285645,0.317153662443161,0.3430253863334656,0.36889711022377014,0.3947688341140747,0.4206405580043793,0.44651228189468384,0.472383975982666,0.4982556998729706,0.5241274237632751,0.5499991774559021,0.5758708715438843,0.6017425656318665,0.6276143193244934,0.6534860134124756,0.6793577671051025,0.7052294611930847,0.7311012148857117,0.7569729089736938,0.7828446626663208,0.808716356754303,0.8345880508422852,0.8604598045349121,0.8863314986228943,0.9122032523155212,0.9380749464035034,0.9639467000961304,0.9898183941841125]},"epoch":64,"gradients/model.lin1.biases":{"_type":"histogram","values":[1,0,0,0,1,0,0,1,0,0,0,0,0,1,0,0,0,0,0,0,1,0,0,0,0,0,1,0,0,1,0,0,1,1,2,1,81,3,2,6,2,1,2,1,1,1,1,2,1,1,0,0,1,0,0,0,1,0,0,0,0,0,0,1],"bins":[-0.4000556170940399,-0.3889967203140259,-0.37793785333633423,-0.3668789565563202,-0.35582005977630615,-0.3447611629962921,-0.3337022662162781,-0.3226433992385864,-0.3115845024585724,-0.30052560567855835,-0.2894667387008667,-0.27840784192085266,-0.2673489451408386,-0.2562900483608246,-0.24523116648197174,-0.2341722846031189,-0.22311338782310486,-0.21205449104309082,-0.20099560916423798,-0.18993672728538513,-0.1788778305053711,-0.16781893372535706,-0.1567600518465042,-0.14570116996765137,-0.13464227318763733,-0.12358338385820389,-0.11252449452877045,-0.101465605199337,-0.09040671586990356,-0.07934782654047012,-0.06828893721103668,-0.05723004788160324,-0.04617118835449219,-0.035112299025058746,-0.024053409695625305,-0.012994520366191864,-0.0019356310367584229,0.009123258292675018,0.02018214762210846,0.0312410369515419,0.04229992628097534,0.05335881561040878,0.06441770493984222,0.07547659426927567,0.0865354835987091,0.09759437292814255,0.10865326225757599,0.11971215158700943,0.13077104091644287,0.1418299376964569,0.15288881957530975,0.1639477014541626,0.17500659823417664,0.18606549501419067,0.19712437689304352,0.20818325877189636,0.2192421555519104,0.23030105233192444,0.24135993421077728,0.2524188160896301,0.26347771286964417,0.2745366096496582,0.28559547662734985,0.2966543734073639,0.30771327018737793]},"train_loss":-3.2910266898528873,"gradients/model.lin1.weights":{"_type":"histogram","values":[2,0,0,1,1,1,0,0,0,0,0,0,0,3,0,1,0,0,0,1,2,0,2,3,8,6,10,14,13,18,419,16,13,11,10,3,9,6,2,2,2,1,2,3,1,1,3,0,2,2,1,1,0,0,1,0,1,0,1,0,0,0,0,1],