{"_wandb":{"runtime":317},"gradients/model.lin5.weights":{"_type":"histogram","values":[1,0,0,0,0,0,0,1,0,1,1,1,0,2,0,1,1,1,1,0,0,1,1,1,0,0,1,0,0,1,0,6,30,420,2,2,1,0,1,0,0,0,0,1,0,0,0,0,0,0,0,0,0,0,0,0,0,0,0,0,0,0,0,1],"bins":[-223.64085388183594,-216.8673553466797,-210.09385681152344,-203.3203582763672,-196.54684448242188,-189.77334594726562,-182.99984741210938,-176.22634887695312,-169.45285034179688,-162.67935180664062,-155.9058380126953,-149.13233947753906,-142.3588409423828,-135.58534240722656,-128.8118438720703,-122.03833770751953,-115.26483917236328,-108.49134063720703,-101.71783447265625,-94.9443359375,-88.17083740234375,-81.39733123779297,-74.62383270263672,-67.85033416748047,-61.07683181762695,-54.30332946777344,-47.52983093261719,-40.75632858276367,-33.982826232910156,-27.209327697753906,-20.43582534790039,-13.662324905395508,-6.888824462890625,-0.11532354354858398,6.658177375793457,13.431678771972656,20.20517921447754,26.978679656982422,33.75218200683594,40.52568054199219,47.2991828918457,54.07268524169922,60.84618377685547,67.61968231201172,74.3931884765625,81.16668701171875,87.940185546875,94.71369171142578,101.48719024658203,108.26068878173828,115.03419494628906,121.80769348144531,128.58119201660156,135.3546905517578,142.12818908691406,148.90170288085938,155.67520141601562,162.44869995117188,169.22219848632812,175.99569702148438,182.76919555664062,189.54270935058594,196.3162078857422,203.08970642089844,209.8632049560547]},"gradients/model.lin4.weights":{"bins":[-27.633028030395508,-26.872163772583008,-26.11130142211914,-25.35043716430664,-24.58957290649414,-23.82870864868164,-23.06784439086914,-22.306982040405273,-21.546117782592773,-20.785253524780273,-20.024391174316406,-19.263526916503906,-18.502662658691406,-17.741798400878906,-16.980934143066406,-16.22007179260254,-15.459207534790039,-14.698343276977539,-13.937479972839355,-13.176616668701172,-12.415752410888672,-11.654888153076172,-10.894024848937988,-10.133161544799805,-9.372297286987305,-8.611433029174805,-7.850569725036621,-7.089705944061279,-6.3288421630859375,-5.567978382110596,-4.807114601135254,-4.046250820159912,-3.2853851318359375,-2.5245213508605957,-1.763657569885254,-1.002793788909912,-0.2419300079345703,0.5189337730407715,1.2797975540161133,2.040661334991455,2.801525115966797,3.5623888969421387,4.3232526779174805,5.084116458892822,5.844980239868164,6.605844020843506,7.366707801818848,8.127571105957031,8.888435363769531,9.649299621582031,10.410162925720215,11.171026229858398,11.931890487670898,12.692754745483398,13.453618049621582,14.214481353759766,14.975345611572266,15.736209869384766,16.497074127197266,17.257936477661133,18.018800735473633,18.779664993286133,19.54052734375,20.3013916015625,21.062255859375],"_type":"histogram","values":[1,1,1,1,0,2,0,1,1,2,1,1,1,3,1,1,4,3,2,8,7,8,11,16,8,10,12,13,11,32,36,38,21,31,98,293,13124,227,75,70,43,34,30,21,18,14,11,13,9,5,3,5,4,4,1,2,0,1,0,2,1,0,2,1]},"epoch":499,"test_rmse":13.608130383811298,"gradients/model.lin4.biases":{"bins":[-22.191791534423828,-21.5689754486084,-20.94615936279297,-20.32334327697754,-19.70052719116211,-19.07771110534668,-18.45489501953125,-17.83207893371582,-17.20926284790039,-16.586448669433594,-15.963631629943848,-15.340815544128418,-14.718000411987305,-14.095184326171875,-13.472368240356445,-12.849552154541016,-12.226736068725586,-11.603919982910156,-10.981103897094727,-10.358287811279297,-9.735471725463867,-9.112656593322754,-8.489840507507324,-7.8670244216918945,-7.244208335876465,-6.621392250061035,-5.9985761642456055,-5.375760555267334,-4.752944469451904,-4.130128383636475,-3.507312536239624,-2.8844966888427734,-2.261678695678711,-1.6388627290725708,-1.0160467624664307,-0.3932307958602905,0.2295851707458496,0.8524011373519897,1.4752171039581299,2.0980329513549805,2.72084903717041,3.34366512298584,3.9664809703826904,4.589296817779541,5.212112903594971,5.8349289894104,6.457744598388672,7.080560684204102,7.703376770019531,8.326192855834961,8.94900894165039,9.57182502746582,10.19464111328125,10.817456245422363,11.440272331237793,12.063088417053223,12.685904502868652,13.308720588684082,13.931536674499512,14.554352760314941,15.177167892456055,15.799983978271484,16.422800064086914,17.045616149902344,17.668432235717773],"_type":"histogram","values":[1,1,1,0,0,1,1,0,0,1,0,1,0,0,0,0,0,0,0,0,0,1,0,0,0,0,0,0,0,0,0,1,0,1,1,98,0,1,0,0,0,0,1,0,0,0,0,1,0,0,0,2,1,1,0,0,0,1,0,0,2,0,0,1]},"_step":499,"gradients/model.lin2.biases":{"values":[1,0,0,0,0,0,0,0,0,0,0,0,0,0,1,0,0,1,0,0,0,0,1,1,1,0,2,0,1,0,1,0,2,3,2,1,0,0,3,10,179,7,2,3,2,1,2,3,2,0,1,1,2,0,0,2,0,0,0,0,0,1,0,1],"bins":[-3.426938533782959,-3.3431363105773926,-3.259334087371826,-3.1755318641662598,-3.0917296409606934,-3.007927417755127,-2.9241251945495605,-2.840322971343994,-2.7565207481384277,-2.6727185249328613,-2.588916301727295,-2.5051140785217285,-2.421311855316162,-2.3375096321105957,-2.2537074089050293,-2.169905185699463,-2.0861029624938965,-2.00230073928833,-1.9184985160827637,-1.8346962928771973,-1.7508940696716309,-1.6670918464660645,-1.583289623260498,-1.4994874000549316,-1.4156851768493652,-1.3318829536437988,-1.2480807304382324,-1.164278507232666,-1.0804762840270996,-0.9966740608215332,-0.9128718376159668,-0.8290696144104004,-0.7452676296234131,-0.6614654064178467,-0.5776631832122803,-0.49386096000671387,-0.41005873680114746,-0.32625651359558105,-0.24245429039001465,-0.15865206718444824,-0.07484984397888184,0.00895237922668457,0.09275460243225098,0.17655682563781738,0.2603590488433838,0.3441612720489502,0.4279634952545166,0.511765718460083,0.5955679416656494,0.6793701648712158,0.7631723880767822,0.8469746112823486,0.930776834487915,1.0145790576934814,1.0983812808990479,1.1821835041046143,1.2659857273101807,1.349787950515747,1.4335901737213135,1.5173923969268799,1.6011946201324463,1.6849968433380127,1.768799066543579,1.8526012897491455,1.936403512954712],"_type":"histogram"},"_timestamp":1.7522373305768826e+09,"gradients/model.lin5.biases":{"bins":[-147.94970703125,-145.63548278808594,-143.32127380371094,-141.00704956054688,-138.6928253173828,-136.3786163330078,-134.06439208984375,-131.7501678466797,-129.4359588623047,-127.12173461914062,-124.8075180053711,-122.49329376220703,-120.1790771484375,-117.86486053466797,-115.5506362915039,-113.23641967773438,-110.92219543457031,-108.60797882080078,-106.29376220703125,-103.97953796386719,-101.66532135009766,-99.35110473632812,-97.03688049316406,-94.72266387939453,-92.408447265625,-90.09422302246094,-87.7800064086914,-85.46578979492188,-83.15156555175781,-80.83734893798828,-78.52313232421875,-76.20890808105469,-73.89468383789062,-71.5804672241211,-69.26625061035156,-66.9520263671875,-64.63780975341797,-62.32358932495117,-60.009368896484375,-57.695152282714844,-55.38093185424805,-53.06671142578125,-50.75249481201172,-48.43827438354492,-46.124053955078125,-43.809837341308594,-41.4956169128418,-39.181396484375,-36.8671760559082,-34.55295944213867,-32.238739013671875,-29.92452049255371,-27.610300064086914,-25.29608154296875,-22.981863021850586,-20.66764259338379,-18.353424072265625,-16.03920555114746,-13.724985122680664,-11.4107666015625,-9.09654712677002,-6.782327651977539,-4.468108654022217,-2.1538891792297363,0.16032996773719788],"_type":"histogram","values":[1,0,0,0,0,0,0,0,0,0,0,0,0,0,0,0,0,0,0,0,0,0,0,0,0,0,0,0,0,0,0,0,0,0,0,0,0,0,0,0,0,0,0,0,0,0,0,0,0,0,0,0,0,0,0,0,0,0,0,0,1,0,0,10]},"gradients/model.lin1.weights":{"values":[1,0,0,0,1,0,0,0,0,1,0,2,0,1,0,2,2,0,0,0,1,1,0,3,1,3,5,6,4,7,18,465,29,11,4,6,7,2,1,2,0,3,1,1,1,0,2,2,0,0,0,1,0,1,1,0,0,0,0,0,0,0,0,1],