{"train_loss":-3.540319610060307,"gradients/model.lin5.weights":{"values":[1,0,0,0,0,0,2,0,0,0,0,0,0,0,1,1,0,0,1,0,2,0,0,0,1,0,1,0,0,0,2,0,1,1,0,0,1,0,0,0,1,0,1,0,2,0,3,7,10,391,12,5,1,1,8,11,6,2,3,0,0,0,0,1],"bins":[-3.041196346282959,-2.9793131351470947,-2.9174299240112305,-2.855546712875366,-2.793663501739502,-2.731780529022217,-2.6698973178863525,-2.6080141067504883,-2.546130895614624,-2.4842476844787598,-2.4223644733428955,-2.3604812622070312,-2.298598289489746,-2.236715078353882,-2.1748318672180176,-2.1129486560821533,-2.051065444946289,-1.9891822338104248,-1.9272990226745605,-1.8654159307479858,-1.8035327196121216,-1.7416495084762573,-1.6797664165496826,-1.6178832054138184,-1.555999994277954,-1.4941167831420898,-1.4322335720062256,-1.3703504800796509,-1.3084672689437866,-1.2465840578079224,-1.1847009658813477,-1.1228177547454834,-1.0609346628189087,-0.9990514516830444,-0.937168300151825,-0.8752851486206055,-0.8134019374847412,-0.751518726348877,-0.6896355748176575,-0.627752423286438,-0.5658692121505737,-0.5039860010147095,-0.44210284948349,-0.3802196681499481,-0.31833648681640625,-0.2564533054828644,-0.1945701241493225,-0.13268694281578064,-0.07080376148223877,-0.0089205801486969,0.05296260118484497,0.11484578251838684,0.1767289638519287,0.23861214518547058,0.30049532651901245,0.3623785078525543,0.4242616891860962,0.48614487051963806,0.5480280518531799,0.6099112033843994,0.6717944145202637,0.7336776256561279,0.7955607771873474,0.8574439287185669,0.9193271398544312],"_type":"histogram"},"gradients/model.lin4.biases":{"bins":[-0.19898779690265656,-0.19199924170970917,-0.18501070141792297,-0.17802214622497559,-0.1710335910320282,-0.1640450358390808,-0.15705648064613342,-0.15006794035434723,-0.14307938516139984,-0.13609082996845245,-0.12910228967666626,-0.12211373448371887,-0.11512517929077148,-0.1081366240978241,-0.1011480763554573,-0.09415952861309052,-0.08717097342014313,-0.08018241822719574,-0.07319387048482895,-0.06620532274246216,-0.05921676754951477,-0.05222821608185768,-0.04523966461420059,-0.0382511131465435,-0.031262561678886414,-0.024274010211229324,-0.017285458743572235,-0.010296907275915146,-0.0033083558082580566,0.0036801956593990326,0.010668747127056122,0.01765729859471321,0.0246458500623703,0.03163440153002739,0.03862295299768448,0.04561150446534157,0.05260005593299866,0.059588607400655746,0.06657715886831284,0.07356570661067963,0.08055426180362701,0.0875428169965744,0.09453136473894119,0.10151991248130798,0.10850846767425537,0.11549702286720276,0.12248557060956955,0.12947411835193634,0.13646267354488373,0.14345122873783112,0.1504397690296173,0.1574283242225647,0.16441687941551208,0.17140543460845947,0.17839398980140686,0.18538253009319305,0.19237108528614044,0.19935964047908783,0.20634818077087402,0.2133367359638214,0.2203252911567688,0.2273138463497162,0.23430240154266357,0.24129094183444977,0.24827949702739716],"_type":"histogram","values":[1,0,0,0,0,0,0,0,0,1,0,0,0,0,0,0,1,0,1,1,1,3,1,3,1,2,0,3,94,2,2,0,0,0,0,2,0,0,0,0,0,0,0,0,0,0,0,0,0,0,0,0,0,0,0,0,0,0,0,0,0,0,0,1]},"gradients/model.lin3.weights":{"_type":"histogram","values":[2,1,3,1,7,13,8,9,12,23,35,24,43,72,80,129,181,227,308,411,614,785,1151,22417,636,419,308,219,164,116,95,64,49,50,41,20,14,18,8,5,4,4,0,1,1,1,1,0,2,1,0,0,1,0,0,0,0,0,0,1,0,0,0,1],"bins":[-0.10679776221513748,-0.10216263681650162,-0.09752751141786575,-0.09289237856864929,-0.08825725317001343,-0.08362212777137756,-0.0789870023727417,-0.07435187697410583,-0.06971675157546997,-0.06508161872625351,-0.060446493327617645,-0.05581136792898178,-0.05117624253034592,-0.046541113406419754,-0.04190598800778389,-0.03727085888385773,-0.03263573348522186,-0.02800060622394085,-0.023365478962659836,-0.01873035356402397,-0.014095226302742958,-0.009460099041461945,-0.004824972711503506,-0.00018984591588377953,0.004445280879735947,0.00908040814101696,0.013715534470975399,0.018350660800933838,0.02298578806221485,0.027620915323495865,0.03225604072213173,0.03689116984605789,0.04152628779411316,0.04616141319274902,0.050796542316675186,0.05543166771531105,0.06006679683923721,0.06470192223787308,0.06933704763650894,0.0739721730351448,0.07860730588436127,0.08324243128299713,0.087877556681633,0.09251268208026886,0.09714780747890472,0.10178293287754059,0.10641806572675705,0.11105319112539291,0.11568831652402878,0.12032344192266464,0.1249585673213005,0.12959370017051697,0.13422882556915283,0.1388639509677887,0.14349907636642456,0.14813420176506042,0.1527693271636963,0.15740445256233215,0.16203957796096802,0.16667471826076508,0.17130984365940094,0.1759449690580368,0.18058009445667267,0.18521521985530853,0.1898503452539444]},"gradients/model.lin2.weights":{"_type":"histogram","values":[1,0,0,3,0,0,0,0,0,0,1,3,1,3,0,4,4,3,8,6,8,6,6,11,28,33,37,47,71,61,88,134,158,214,306,522,7072,230,123,95,86,52,51,29,16,22,14,10,8,5,2,1,3,4,2,0,0,3,2,0,0,1,0,2],"bins":[-0.23617245256900787,-0.22961242496967316,-0.22305238246917725,-0.21649235486984253,-0.20993231236934662,-0.2033722847700119,-0.196812242269516,-0.19025221467018127,-0.18369217216968536,-0.17713214457035065,-0.17057210206985474,-0.16401207447052002,-0.1574520319700241,-0.1508920043706894,-0.14433196187019348,-0.13777193427085876,-0.13121190667152405,-0.12465186417102814,-0.11809182912111282,-0.11153179407119751,-0.1049717590212822,-0.09841172397136688,-0.09185168892145157,-0.08529165387153625,-0.07873162627220154,-0.07217159122228622,-0.06561155617237091,-0.0590515173971653,-0.05249148607254028,-0.04593145102262497,-0.039371415972709656,-0.03281138092279434,-0.02625134587287903,-0.019691310822963715,-0.013131276704370975,-0.006571242120116949,-1.1207535862922668e-05,0.006548827048391104,0.01310886163264513,0.01966889575123787,0.026228930801153183,0.0327889658510685,0.03934900090098381,0.045909035950899124,0.05246906727552414,0.05902910232543945,0.06558913737535477,0.07214917242527008,0.0787092074751854,0.08526924252510071,0.09182927757501602,0.09838931262493134,0.10494934767484665,0.11150938272476196,0.11806941777467728,0.12462945282459259,0.1311894804239273,0.13774952292442322,0.14430955052375793,0.15086959302425385,0.15742962062358856,0.16398966312408447,0.1705496907234192,0.1771097332239151,0.18366976082324982]},"_runtime":8.330304822,"gradients/model.lin1.biases":{"bins":[-0.2441287785768509,-0.23798708617687225,-0.23184539377689362,-0.22570371627807617,-0.21956202387809753,-0.2134203314781189,-0.20727863907814026,-0.20113694667816162,-0.19499525427818298,-0.18885357677936554,-0.1827118843793869,-0.17657019197940826,-0.17042849957942963,-0.164286807179451,-0.15814512968063354,-0.1520034372806549,-0.14586174488067627,-0.13972005248069763,-0.133578360080719,-0.12743668258190155,-0.12129499018192291,-0.11515329778194427,-0.10901160538196564,-0.1028699204325676,-0.09672822803258896,-0.09058653563261032,-0.08444485068321228,-0.07830315828323364,-0.072161465883255,-0.06601978093385696,-0.059878088533878326,-0.05373639985918999,-0.04759471118450165,-0.04145302250981331,-0.03531133383512497,-0.029169641435146332,-0.023027952760457993,-0.016886264085769653,-0.010744573548436165,-0.004602883942425251,0.0015388056635856628,0.007680495269596577,0.01382218487560749,0.01996387541294098,0.026105564087629318,0.03224725276231766,0.038388945162296295,0.044530633836984634,0.050672322511672974,0.05681401118636131,0.06295569986104965,0.06909739226102829,0.07523907721042633,0.08138076961040497,0.0875224620103836,0.09366414695978165,0.09980583935976028,0.10594753175973892,0.11208921670913696,0.1182309091091156,0.12437260150909424,0.13051429390907288,0.13665597140789032,0.14279766380786896,0.1489393562078476],"_type":"histogram","values":[1,0,0,0,0,1,0,0,0,0,0,0,1,0,0,0,0,1,0,0,1,1,2,0,1,0,1,1,0,2,0,1,1,2,4,1,1,0,1,80,1,2,3,1,3,0,0,1,0,0,0,0,2,0,0,0,0,0,0,1,0,0,0,2]},"epoch":11,