{"_timestamp":1.7525909437942214e+09,"gradients/model.lin1.weights":{"_type":"histogram","values":[1,0,0,0,0,0,1,2,0,0,0,6,2,2,2,8,3,6,4,10,12,13,18,25,41,51,1159,46,28,20,16,8,9,5,13,4,2,4,0,2,2,0,0,2,0,2,0,0,1,0,2,0,1,0,0,0,0,0,0,0,1,0,0,2],"bins":[-3.4235754013061523,-3.293806314468384,-3.1640372276306152,-3.0342679023742676,-2.904498815536499,-2.7747297286987305,-2.644960403442383,-2.5151913166046143,-2.3854222297668457,-2.255653142929077,-2.1258840560913086,-1.996114730834961,-1.8663456439971924,-1.7365765571594238,-1.6068073511123657,-1.4770381450653076,-1.347269058227539,-1.2174999713897705,-1.0877307653427124,-0.9579616189002991,-0.8281924724578857,-0.6984233260154724,-0.5686541795730591,-0.43888503313064575,-0.3091158866882324,-0.1793467402458191,-0.04957759380340576,0.08019155263900757,0.2099606990814209,0.33972984552383423,0.46949899196624756,0.5992681384086609,0.7290372848510742,0.8588064312934875,0.9885755777359009,1.118344783782959,1.2481138706207275,1.377882957458496,1.5076521635055542,1.6374213695526123,1.7671904563903809,1.8969595432281494,2.026728630065918,2.1564979553222656,2.286267042160034,2.4160361289978027,2.5458054542541504,2.675574541091919,2.8053436279296875,2.935112714767456,3.0648818016052246,3.1946511268615723,3.324420213699341,3.4541893005371094,3.583958625793457,3.7137277126312256,3.843496799468994,3.9732658863067627,4.103034973144531,4.232804298400879,4.362573623657227,4.492342472076416,4.622111797332764,4.751880645751953,4.881649971008301]},"gradients/model.lin5.biases":{"values":[1,0,0,0,0,0,6,0,0,0,0,0,0,0,0,0,0,0,0,0,0,0,0,0,0,0,0,0,0,0,0,0,0,0,0,0,0,0,0,0,0,0,0,0,0,0,0,0,0,0,0,0,0,0,0,0,0,0,0,0,0,0,0,1],"bins":[-160.75848388671875,-136.5716552734375,-112.38481903076172,-88.19798278808594,-64.01115417480469,-39.82432174682617,-15.637489318847656,8.54934310913086,32.736175537109375,56.92300796508789,81.1098403930664,105.29667663574219,129.48350524902344,153.6703338623047,177.857177734375,202.04400634765625,226.2308349609375,250.41766357421875,274.6044921875,298.79132080078125,322.9781494140625,347.1650085449219,371.3518371582031,395.5386657714844,419.7254943847656,443.9123229980469,468.0991516113281,492.2859802246094,516.4728393554688,540.65966796875,564.8464965820312,589.0333251953125,613.2200927734375,637.4069213867188,661.59375,685.7805786132812,709.9674072265625,734.1542358398438,758.341064453125,782.5278930664062,806.7147216796875,830.901611328125,855.0884399414062,879.2752685546875,903.4620971679688,927.64892578125,951.8357543945312,976.0225830078125,1000.2094116210938,1024.396240234375,1048.5831298828125,1072.7698974609375,1096.956787109375,1121.1435546875,1145.3304443359375,1169.5172119140625,1193.7041015625,1217.890869140625,1242.0777587890625,1266.2645263671875,1290.451416015625,1314.63818359375,1338.8250732421875,1363.0118408203125,1387.19873046875],"_type":"histogram"},"gradients/model.lin4.biases":{"bins":[-41.03348159790039,-39.67198181152344,-38.31048583984375,-36.9489860534668,-35.587486267089844,-34.225990295410156,-32.8644905090332,-31.50299072265625,-30.14149284362793,-28.77999496459961,-27.418495178222656,-26.056997299194336,-24.695499420166016,-23.333999633789062,-21.972501754760742,-20.61100196838379,-19.24950408935547,-17.88800621032715,-16.526506423950195,-15.165008544921875,-13.803509712219238,-12.442010879516602,-11.080513000488281,-9.719014167785645,-8.357515335083008,-6.996016502380371,-5.634518146514893,-4.273019790649414,-2.9115209579467773,-1.5500223636627197,-0.1885237693786621,1.1729748249053955,2.5344772338867188,3.8959758281707764,5.257474422454834,6.6189727783203125,7.980471611022949,9.341970443725586,10.703468322753906,12.064967155456543,13.42646598815918,14.787964820861816,16.149463653564453,17.510961532592773,18.872459411621094,20.233959197998047,21.595457077026367,22.95695686340332,24.31845474243164,25.67995262145996,27.041452407836914,28.402950286865234,29.764450073242188,31.125947952270508,32.48744583129883,33.84894561767578,35.21044158935547,36.57194137573242,37.933441162109375,39.29494094848633,40.656436920166016,42.01793670654297,43.37943649291992,44.74093246459961,46.10243225097656],"_type":"histogram","values":[1,0,0,0,0,0,0,0,0,0,0,0,0,0,0,1,0,1,0,0,1,1,0,0,1,1,0,1,0,1,229,2,2,3,3,0,0,0,0,0,0,1,0,0,0,0,0,0,0,1,1,1,0,0,0,0,0,0,0,2,0,1,0,1]},"_runtime":161,"gradients/model.lin1.biases":{"_type":"histogram","values":[1,0,0,0,0,0,0,0,1,0,0,2,1,0,0,1,0,0,0,0,1,1,2,1,0,1,1,2,0,0,2,1,1,4,5,7,4,180,4,5,4,4,1,0,2,0,1,0,2,1,0,0,1,2,1,2,2,2,0,1,0,1,0,1],"bins":[-1.5091462135314941,-1.4689960479736328,-1.428846001625061,-1.3886959552764893,-1.348545789718628,-1.3083956241607666,-1.2682455778121948,-1.228095531463623,-1.1879453659057617,-1.1477952003479004,-1.1076451539993286,-1.0674951076507568,-1.0273449420928955,-0.987194836139679,-0.9470447301864624,-0.9068946242332458,-0.8667445182800293,-0.8265944123268127,-0.7864443063735962,-0.7462942004203796,-0.7061440944671631,-0.6659939885139465,-0.62584388256073,-0.5856937766075134,-0.5455436706542969,-0.5053935647010803,-0.46524345874786377,-0.4250933527946472,-0.38494324684143066,-0.3447931408882141,-0.30464303493499756,-0.264492928981781,-0.22434282302856445,-0.1841927170753479,-0.14404261112213135,-0.1038925051689148,-0.06374239921569824,-0.02359229326248169,0.016557812690734863,0.056707918643951416,0.09685802459716797,0.13700813055038452,0.17715823650360107,0.21730834245681763,0.2574584484100342,0.29760855436325073,0.3377586603164673,0.37790876626968384,0.4180588722229004,0.45820897817611694,0.4983590841293335,0.53850919008255,0.5786592960357666,0.6188094019889832,0.6589595079421997,0.6991096138954163,0.7392597198486328,0.7794098258018494,0.8195599317550659,0.8597100377082825,0.899860143661499,0.9400102496147156,0.9801603555679321,1.020310401916504,1.0604605674743652]},"gradients/model.lin2.weights":{"bins":[-3.6352357864379883,-3.4570674896240234,-3.2788991928100586,-3.100731134414673,-2.922562837600708,-2.744394540786743,-2.5662264823913574,-2.3880581855773926,-2.2098898887634277,-2.031721591949463,-1.8535534143447876,-1.6753852367401123,-1.4972169399261475,-1.3190486431121826,-1.1408804655075073,-0.9627122282981873,-0.7845439910888672,-0.6063757538795471,-0.42820751667022705,-0.250039279460907,-0.07187104225158691,0.10629719495773315,0.2844654321670532,0.4626336693763733,0.6408019065856934,0.8189701437950134,0.9971383810043335,1.1753065586090088,1.3534748554229736,1.5316431522369385,1.7098113298416138,1.887979507446289,2.066147804260254,2.2443161010742188,2.4224843978881836,2.6006524562835693,2.778820753097534,2.956989049911499,3.1351571083068848,3.3133254051208496,3.4914937019348145,3.6696619987487793,3.847830295562744,4.025998592376709,4.204166412353516,4.3823347091674805,4.560503005981445,4.73867130279541,4.916839599609375,5.09500789642334,5.273176193237305,5.4513444900512695,5.629512786865234,5.807680606842041,5.985848903656006,6.164017200469971,6.3421854972839355,6.5203537940979,6.698522090911865,6.87669038772583,7.054858207702637,7.233026504516602,7.411194801330566,7.589363098144531,7.767531394958496],"_type":"histogram","values":[1,0,0,0,1,1,0,1,1,0,4,3,6,5,9,12,17,30,58,113,64976,140,40,38,21,17,7,10,4,6,4,2,2,0,1,0,0,0,0,1,1,0,1,0,0,1,0,0,1,0,0,0,0,0,0,0,0,0,0,0,0,0,0,1]},"gradients/model.lin3.biases":{"_type":"histogram","values":[1,0,0,0,0,0,0,0,0,0,0,2,2,2,2,0,3,0,2,2,704,3,2,3,2,2,0,4,2,3,1,3,1,2,1,1,1,2,2,2,1,3,0,4,0,1,0,0,0,0,1,0,0,0,0,0,0,0,0,0,0,0,0,1],