{"test_loss":14959.827054794521,"gradients/model.lin5.biases":{"_type":"histogram","values":[1,0,0,0,0,0,0,0,0,0,0,0,0,0,0,0,0,0,0,0,0,0,0,0,0,0,0,0,0,0,0,0,0,0,0,0,0,0,0,0,0,0,0,0,0,0,0,0,0,0,0,0,0,0,0,0,0,0,0,0,0,1,1,9],"bins":[-19.361637115478516,-19.059110641479492,-18.7565860748291,-18.454059600830078,-18.151535034179688,-17.849008560180664,-17.546483993530273,-17.24395751953125,-16.94143295288086,-16.638906478881836,-16.336381912231445,-16.033855438232422,-15.731329917907715,-15.428804397583008,-15.1262788772583,-14.823753356933594,-14.521227836608887,-14.21870231628418,-13.916176795959473,-13.613651275634766,-13.311125755310059,-13.008600234985352,-12.706074714660645,-12.403549194335938,-12.101022720336914,-11.798497200012207,-11.4959716796875,-11.193446159362793,-10.890920639038086,-10.588395118713379,-10.285869598388672,-9.983344078063965,-9.680818557739258,-9.37829303741455,-9.075767517089844,-8.773241996765137,-8.47071647644043,-8.168190956115723,-7.865664958953857,-7.56313943862915,-7.260613918304443,-6.958088397979736,-6.655562877655029,-6.353037357330322,-6.050511360168457,-5.74798583984375,-5.445460319519043,-5.142934799194336,-4.840409278869629,-4.537883758544922,-4.235358238220215,-3.9328324794769287,-3.6303069591522217,-3.3277814388275146,-3.0252556800842285,-2.7227301597595215,-2.4202046394348145,-2.1176791191101074,-1.8151534795761108,-1.5126278400421143,-1.2101023197174072,-0.9075767397880554,-0.6050511598587036,-0.3025255799293518,0]},"gradients/model.lin2.biases":{"_type":"histogram","values":[1,0,0,0,0,0,2,0,0,0,0,0,2,0,0,1,0,1,0,0,1,1,1,0,1,0,3,2,1,0,3,1,3,3,165,1,3,3,4,2,1,7,6,5,1,3,2,2,2,1,0,1,2,1,0,0,0,0,0,0,0,0,0,1],"bins":[-1.6135183572769165,-1.566375732421875,-1.5192331075668335,-1.4720906019210815,-1.42494797706604,-1.3778053522109985,-1.330662727355957,-1.2835201025009155,-1.236377477645874,-1.189234972000122,-1.1420923471450806,-1.094949722290039,-1.0478070974349976,-1.000664472579956,-0.9535219073295593,-0.9063793420791626,-0.8592367172241211,-0.8120940923690796,-0.7649515271186829,-0.7178089022636414,-0.6706663370132446,-0.6235237121582031,-0.5763810873031616,-0.5292385220527649,-0.4820958971977234,-0.4349533021450043,-0.38781070709228516,-0.34066808223724365,-0.29352548718452454,-0.24638289213180542,-0.1992402821779251,-0.1520976722240448,-0.10495519638061523,-0.05781259387731552,-0.010669991374015808,0.036472611129283905,0.08361521363258362,0.13075780868530273,0.17790041863918304,0.22504302859306335,0.27218562364578247,0.3193282186985016,0.3664708137512207,0.4136134386062622,0.4607560336589813,0.5078986287117004,0.5550412535667419,0.6021838188171387,0.6493264436721802,0.6964690685272217,0.7436116337776184,0.7907542586326599,0.8378968238830566,0.8850394487380981,0.9321820735931396,0.9793246388435364,1.0264673233032227,1.0736098289489746,1.1207524538040161,1.1678950786590576,1.2150377035140991,1.2621803283691406,1.3093228340148926,1.356465458869934,1.4036080837249756]},"gradients/model.lin3.weights":{"values":[2,2,1,1,4,2,3,4,10,7,14,14,27,34,40,45,64,87,84,110,148,209,271,348,553,1017,22369,793,563,400,319,235,193,158,119,94,75,60,60,34,44,32,19,20,27,14,7,6,15,3,7,9,8,3,0,2,3,2,1,0,0,2,1,2],"bins":[-0.6885508894920349,-0.6621027588844299,-0.6356545686721802,-0.6092064380645752,-0.5827583074569702,-0.5563101172447205,-0.5298619866371155,-0.5034137964248657,-0.47696566581726074,-0.4505175054073334,-0.424069344997406,-0.397621214389801,-0.37117305397987366,-0.3447248935699463,-0.3182767629623413,-0.29182860255241394,-0.2653804421424866,-0.2389322817325592,-0.21248413622379303,-0.18603599071502686,-0.1595878303050995,-0.13313966989517212,-0.10669152438640594,-0.08024337142705917,-0.0537952184677124,-0.02734706550836563,-0.0008989125490188599,0.02554924041032791,0.05199739336967468,0.07844554632902145,0.10489369928836823,0.1313418447971344,0.157789945602417,0.18423810601234436,0.21068625152111053,0.2371343970298767,0.2635825574398041,0.29003071784973145,0.3164788484573364,0.3429270088672638,0.36937516927719116,0.39582332968711853,0.4222714900970459,0.4487196207046509,0.47516778111457825,0.5016159415245056,0.5280640721321106,0.5545122623443604,0.5809603929519653,0.6074085235595703,0.6338567137718201,0.660304844379425,0.6867530345916748,0.7132011651992798,0.7396492958068848,0.7660974860191345,0.7925456166267395,0.8189937472343445,0.8454419374465942,0.8718900680541992,0.8983381986618042,0.924786388874054,0.9512345194816589,0.9776827096939087,1.0041308403015137],"_type":"histogram"},"_timestamp":1.7522489328348916e+09,"epoch":52,"gradients/model.lin3.biases":{"_type":"histogram","values":[1,0,0,1,0,1,1,1,0,2,0,4,4,2,1,5,1,0,0,3,2,3,1,3,6,264,1,2,4,4,1,3,3,4,1,1,2,4,3,0,5,3,1,0,3,2,0,0,1,0,2,1,1,0,0,0,1,0,0,0,0,0,0,1],"bins":[-0.8535751104354858,-0.8195168375968933,-0.785458505153656,-0.7514002323150635,-0.7173418998718262,-0.6832836270332336,-0.6492253541946411,-0.6151670217514038,-0.5811087489128113,-0.5470504760742188,-0.5129921436309814,-0.4789338707923889,-0.444875568151474,-0.4108172655105591,-0.37675899267196655,-0.34270069003105164,-0.3086423873901367,-0.2745840847492218,-0.24052579700946808,-0.20646750926971436,-0.17240920662879944,-0.13835090398788452,-0.1042926162481308,-0.07023432105779648,-0.03617602586746216,-0.002117730677127838,0.03194056451320648,0.0659988597035408,0.10005715489387512,0.13411545753479004,0.16817374527454376,0.20223203301429749,0.2362903356552124,0.2703486382961273,0.30440694093704224,0.33846521377563477,0.3725235164165497,0.4065818190574646,0.44064009189605713,0.47469839453697205,0.508756697177887,0.5428149700164795,0.5768733024597168,0.6109315752983093,0.6449898481369019,0.6790481805801392,0.7131064534187317,0.747164785861969,0.7812230587005615,0.815281331539154,0.8493396639823914,0.8833979368209839,0.9174562692642212,0.9515145421028137,0.9855728149414062,1.0196311473846436,1.0536894798278809,1.0877476930618286,1.121806025505066,1.1558643579483032,1.189922571182251,1.2239809036254883,1.2580392360687256,1.2920974493026733,1.3261557817459106]},"test_rmse":1.2627102884594452,"_step":53,"gradients/model.lin4.weights":{"values":[2,0,0,0,0,1,2,2,3,1,4,7,8,8,12,17,13,27,30,25,32,33,44,47,67,82,80,96,204,618,11741,176,174,134,110,101,92,78,65,49,34,31,24,27,27,8,18,6,11,6,2,9,3,2,0,2,2,0,1,0,0,0,0,2],"bins":[-3.1868131160736084,-3.0806260108947754,-2.9744386672973633,-2.8682515621185303,-2.7620644569396973,-2.6558773517608643,-2.5496902465820312,-2.443502902984619,-2.337315797805786,-2.231128692626953,-2.124941349029541,-2.018754243850708,-1.912567138671875,-1.806380033493042,-1.7001928091049194,-1.5940055847167969,-1.4878184795379639,-1.3816313743591309,-1.2754441499710083,-1.1692569255828857,-1.0630698204040527,-0.956882655620575,-0.8506954908370972,-0.7445083260536194,-0.6383211612701416,-0.5321339964866638,-0.42594683170318604,-0.31975966691970825,-0.21357250213623047,-0.10738533735275269,-0.0011981725692749023,0.10498899221420288,0.21117591857910156,0.31736308336257935,0.42355024814605713,0.5297374129295349,0.6359245777130127,0.7421117424964905,0.8482989072799683,0.954486072063446,1.0606732368469238,1.1668603420257568,1.2730475664138794,1.379234790802002,1.485421895980835,1.591609001159668,1.6977962255477905,1.803983449935913,1.910170555114746,2.016357660293579,2.122544765472412,2.228732109069824,2.3349192142486572,2.4411063194274902,2.5472936630249023,2.6534807682037354,2.7596678733825684,2.8658549785614014,2.9720420837402344,3.0782294273376465,3.1844165325164795,3.2906036376953125,3.3967909812927246,3.5029780864715576,3.6091651916503906],"_type":"histogram"},