{"gradients/model.lin2.biases":{"values":[1,0,0,0,0,0,0,0,0,0,0,0,0,0,0,0,0,0,0,0,0,0,0,0,0,0,0,0,0,0,0,0,0,1,0,0,1,0,0,1,0,0,0,1,0,0,0,0,0,0,1,0,0,0,2,0,1,1,0,0,0,1,0,501],"bins":[-11.213485717773438,-11.038274765014648,-10.86306381225586,-10.687853813171387,-10.512642860412598,-10.337431907653809,-10.162221908569336,-9.987010955810547,-9.811800003051758,-9.636589050292969,-9.46137809753418,-9.286168098449707,-9.110957145690918,-8.935746192932129,-8.760536193847656,-8.585325241088867,-8.410114288330078,-8.234903335571289,-8.0596923828125,-7.884482383728027,-7.709271430969238,-7.534060478210449,-7.358850002288818,-7.1836395263671875,-7.008428573608398,-6.833217620849609,-6.6580071449279785,-6.482796669006348,-6.307585716247559,-6.1323747634887695,-5.957164287567139,-5.781953811645508,-5.606742858886719,-5.43153190612793,-5.256321430206299,-5.081110954284668,-4.905900001525879,-4.73068904876709,-4.555478572845459,-4.380268096923828,-4.205057144165039,-4.02984619140625,-3.854635715484619,-3.679425001144409,-3.504214286804199,-3.3290035724639893,-3.1537928581237793,-2.9785821437835693,-2.8033714294433594,-2.6281607151031494,-2.4529500007629395,-2.2777392864227295,-2.1025285720825195,-1.9273178577423096,-1.7521071434020996,-1.5768964290618896,-1.4016857147216797,-1.2264750003814697,-1.0512642860412598,-0.8760535717010498,-0.7008428573608398,-0.5256321430206299,-0.3504214286804199,-0.17521071434020996,0],"_type":"histogram"},"_step":499,"_runtime":229,"gradients/model.lin4.biases":{"_type":"histogram","values":[1,0,0,0,0,0,0,0,0,0,0,1,0,0,0,0,1,0,0,0,0,0,0,1,0,0,0,1,0,0,3,3,1,3,2,2,232,1,2,0,0,1,0,0,0,0,0,0,0,0,0,0,0,0,0,0,0,0,0,0,0,0,0,1],"bins":[-31.873992919921875,-31.0059814453125,-30.137969970703125,-29.269956588745117,-28.401945114135742,-27.533933639526367,-26.665922164916992,-25.797910690307617,-24.92989730834961,-24.061885833740234,-23.19387435913086,-22.325862884521484,-21.45785140991211,-20.589839935302734,-19.721826553344727,-18.85381507873535,-17.985803604125977,-17.1177921295166,-16.249780654907227,-15.381768226623535,-14.513755798339844,-13.645744323730469,-12.777732849121094,-11.909720420837402,-11.041708946228027,-10.173697471618652,-9.305685043334961,-8.437673568725586,-7.569661617279053,-6.7016496658325195,-5.8336381912231445,-4.965626239776611,-4.097616195678711,-3.2296042442321777,-2.3615925312042236,-1.49358069896698,-0.6255688667297363,0.24244296550750732,1.110454797744751,1.9784666299819946,2.8464784622192383,3.7144904136657715,4.582502365112305,5.45051383972168,6.318525791168213,7.186537742614746,8.054549217224121,8.922561645507812,9.790573120117188,10.658584594726562,11.526597023010254,12.394608497619629,13.26262092590332,14.130632400512695,14.99864387512207,15.866656303405762,16.734668731689453,17.602680206298828,18.470691680908203,19.338703155517578,20.206714630126953,21.074726104736328,21.942739486694336,22.81075096130371,23.678762435913086]},"test_rmse":0.0160748580640141,"epoch":499,"gradients/model.lin5.biases":{"_type":"histogram","values":[1,0,0,0,0,0,0,0,0,0,0,0,0,0,0,0,0,0,0,0,0,0,0,0,0,0,0,0,0,0,0,0,0,0,0,0,0,0,0,0,0,0,0,0,0,0,0,0,0,0,0,0,0,0,0,0,0,0,1,0,0,0,0,6],"bins":[-264.90478515625,-260.75836181640625,-256.6119384765625,-252.46551513671875,-248.319091796875,-244.17266845703125,-240.02622985839844,-235.8798065185547,-231.73338317871094,-227.5869598388672,-223.44053649902344,-219.2941131591797,-215.14768981933594,-211.0012664794922,-206.85484313964844,-202.7084197998047,-198.56198120117188,-194.41555786132812,-190.26913452148438,-186.12271118164062,-181.97628784179688,-177.82986450195312,-173.68344116210938,-169.53701782226562,-165.39059448242188,-161.24417114257812,-157.09774780273438,-152.95130920410156,-148.8048858642578,-144.65846252441406,-140.5120391845703,-136.36561584472656,-132.21917724609375,-128.07275390625,-123.92633056640625,-119.77989959716797,-115.63347625732422,-111.48705291748047,-107.34062957763672,-103.19420623779297,-99.04778289794922,-94.90135192871094,-90.75492858886719,-86.60850524902344,-82.46208190917969,-78.31565856933594,-74.16922760009766,-70.0228042602539,-65.87638092041016,-61.729957580566406,-57.58353042602539,-53.43710708618164,-49.29068374633789,-45.144256591796875,-40.997833251953125,-36.85140609741211,-32.70498275756836,-28.558557510375977,-24.412134170532227,-20.265708923339844,-16.11928367614746,-11.972859382629395,-7.826434135437012,-3.680009365081787,0.4664153754711151]},"gradients/model.lin1.weights":{"values":[1,0,0,0,0,0,0,0,0,0,0,0,0,0,0,1,0,0,2,1,0,0,0,1,0,1,1,3,0,9,7,29,1449,7,9,0,0,1,2,2,1,2,0,0,0,2,0,0,2,0,1,0,0,0,0,0,0,0,0,0,0,0,0,2],"bins":[-14.958840370178223,-14.491376876831055,-14.02391242980957,-13.556448936462402,-13.088985443115234,-12.621521949768066,-12.154057502746582,-11.686594009399414,-11.219130516052246,-10.751666069030762,-10.284202575683594,-9.816739082336426,-9.349275588989258,-8.881811141967773,-8.414347648620605,-7.9468841552734375,-7.479420185089111,-7.011956214904785,-6.544492721557617,-6.077028751373291,-5.609565258026123,-5.142101287841797,-4.674637794494629,-4.207173824310303,-3.7397100925445557,-3.2722463607788086,-2.8047826290130615,-2.3373188972473145,-1.8698550462722778,-1.4023913145065308,-0.9349275231361389,-0.46746376156806946,0,0.46746376156806946,0.9349275231361389,1.4023913145065308,1.8698550462722778,2.3373188972473145,2.8047826290130615,3.2722463607788086,3.7397100925445557,4.207173824310303,4.674637794494629,5.142101287841797,5.609565258026123,6.077028751373291,6.544492721557617,7.011956214904785,7.479420185089111,7.9468841552734375,8.414347648620605,8.881811141967773,9.349275588989258,9.816739082336426,10.284202575683594,10.751666069030762,11.219130516052246,11.686594009399414,12.154057502746582,12.621521949768066,13.088985443115234,13.556448936462402,14.02391242980957,14.491376876831055,14.958840370178223],"_type":"histogram"},"gradients/model.lin3.weights":{"bins":[-17.079648971557617,-16.792264938354492,-16.5048828125,-16.217498779296875,-15.930115699768066,-15.642731666564941,-15.355348587036133,-15.067965507507324,-14.780582427978516,-14.49319839477539,-14.205815315246582,-13.918432235717773,-13.631048202514648,-13.34366512298584,-13.056282043457031,-12.768898010253906,-12.481514930725098,-12.194131851196289,-11.906747817993164,-11.619364738464355,-11.331981658935547,-11.044597625732422,-10.757214546203613,-10.469831466674805,-10.18244743347168,-9.895064353942871,-9.607681274414062,-9.320298194885254,-9.032914161682129,-8.74553108215332,-8.458148002624512,-8.170763969421387,-7.883380889892578,-7.595997333526611,-7.3086137771606445,-7.021230697631836,-6.733847141265869,-6.446463584899902,-6.159080505371094,-5.871696949005127,-5.58431339263916,-5.296930313110352,-5.009546756744385,-4.722163677215576,-4.434780120849609,-4.147396564483643,-3.860013484954834,-3.572629928588867,-3.2852466106414795,-2.997863292694092,-2.710479736328125,-2.4230964183807373,-2.1357131004333496,-1.848329782485962,-1.5609463453292847,-1.2735629081726074,-0.9861795902252197,-0.6987962126731873,-0.4114128351211548,-0.12402945756912231,0.16335391998291016,0.4507372975349426,0.7381206750869751,1.0255041122436523,1.31288743019104],"_type":"histogram","values":[1,0,0,0,0,0,0,0,0,1,0,0,0,0,1,0,0,0,0,0,0,0,1,0,0,0,0,0,0,0,0,1,0,0,0,0,0,0,0,1,0,0,0,0,0,0,0,0,0,1,0,1,0,3,9,10,13,13,9,196539,0,1,0,3]},"_wandb":{"runtime":229},"_timestamp":1.7525868859675453e+09,