{"test_rmse":0.0077122790361700624,"train_loss":-14.172801592196638,"gradients/model.lin3.biases":{"bins":[-0.8613449335098267,-0.8236022591590881,-0.7858596444129944,-0.7481169700622559,-0.7103743553161621,-0.6726316809654236,-0.6348890066146851,-0.5971463918685913,-0.5594037175178528,-0.5216610431671143,-0.4839184284210205,-0.446175754070282,-0.40843310952186584,-0.3706904649734497,-0.3329477906227112,-0.29520514607429504,-0.2574625015258789,-0.21971985697746277,-0.18197719752788544,-0.1442345380783081,-0.10649189352989197,-0.06874924153089523,-0.0310065895318985,0.006736062467098236,0.04447871446609497,0.0822213664650917,0.11996401846408844,0.15770667791366577,0.1954493224620819,0.23319196701049805,0.2709346413612366,0.3086772859096527,0.3464200496673584,0.38416269421577454,0.4219053387641907,0.4596480131149292,0.49739065766334534,0.5351333022117615,0.5728759765625,0.6106185913085938,0.6483612656593323,0.6861039400100708,0.7238465547561646,0.7615892291069031,0.7993319034576416,0.8370745182037354,0.8748171925544739,0.9125598073005676,0.9503024816513062,0.9880451560020447,1.0257878303527832,1.063530445098877,1.1012730598449707,1.139015793800354,1.1767584085464478,1.2145010232925415,1.2522437572479248,1.2899863719940186,1.3277289867401123,1.365471601486206,1.4032143354415894,1.440956950187683,1.4786995649337769,1.5164422988891602,1.554184913635254],"_type":"histogram","values":[1,0,0,1,1,1,1,1,0,0,0,1,1,1,1,0,1,0,3,2,2,2,319,5,3,2,3,1,0,1,1,1,0,2,0,0,0,1,0,0,0,0,0,0,0,0,0,0,0,0,0,0,0,0,0,0,0,0,0,0,0,0,0,1]},"gradients/model.lin2.biases":{"bins":[-0.7396901249885559,-0.7227503061294556,-0.7058104872703552,-0.6888706684112549,-0.6719307899475098,-0.6549909710884094,-0.6380511522293091,-0.6211113333702087,-0.6041715145111084,-0.5872316956520081,-0.5702918171882629,-0.5533519983291626,-0.5364121794700623,-0.5194723606109619,-0.5025325417518616,-0.48559269309043884,-0.4686528742313385,-0.45171305537223816,-0.43477320671081543,-0.4178333878517151,-0.40089356899261475,-0.383953720331192,-0.3670139014720917,-0.35007408261299133,-0.3331342339515686,-0.31619441509246826,-0.2992545962333679,-0.2823147773742676,-0.26537492871284485,-0.2484351098537445,-0.23149527609348297,-0.21455545723438263,-0.1976155936717987,-0.18067575991153717,-0.16373594105243683,-0.1467961072921753,-0.12985628843307495,-0.11291645467281342,-0.09597662091255188,-0.07903679460287094,-0.06209696829319,-0.045157141983509064,-0.028217311948537827,-0.011277483776211739,0.005662344396114349,0.022602172568440437,0.039542000740766525,0.05648183077573776,0.0734216570854187,0.09036148339509964,0.10730130970478058,0.12424114346504211,0.14118096232414246,0.158120796084404,0.17506062984466553,0.19200044870376587,0.2089402824640274,0.22588011622428894,0.24281993508338928,0.2597597539424896,0.27669960260391235,0.2936394214630127,0.31057924032211304,0.32751908898353577,0.3444589078426361],"_type":"histogram","values":[1,0,0,0,0,0,0,0,0,0,0,0,0,0,0,0,0,0,0,0,0,0,0,0,0,0,0,1,0,0,0,0,0,1,0,0,0,0,2,0,4,1,2,201,5,3,2,5,2,1,2,1,1,1,0,0,0,1,0,2,0,0,0,1]},"_wandb":{"runtime":344},"gradients/model.lin1.weights":{"values":[1,0,0,0,1,0,1,0,0,0,0,0,0,2,3,0,1,1,2,1,1,1,4,1,4,3,5,9,6,10,21,460,12,6,11,2,5,6,1,4,2,1,2,1,1,0,1,2,0,1,0,0,0,1,0,0,2,0,0,0,0,0,0,1],"bins":[-0.3535831570625305,-0.342223584651947,-0.3308640122413635,-0.3195044696331024,-0.3081448972225189,-0.2967853248119354,-0.28542575240135193,-0.27406617999076843,-0.2627066373825073,-0.25134706497192383,-0.23998749256134033,-0.22862792015075684,-0.21726834774017334,-0.20590879023075104,-0.19454921782016754,-0.18318966031074524,-0.17183008790016174,-0.16047051548957825,-0.14911095798015594,-0.13775138556957245,-0.12639182806015015,-0.11503225564956665,-0.10367268323898315,-0.09231311827898026,-0.08095355331897736,-0.06959398835897446,-0.05823441967368126,-0.04687485098838806,-0.03551528602838516,-0.024155719205737114,-0.012796152383089066,-0.0014365855604410172,0.009922951459884644,0.021282518282532692,0.03264208510518074,0.04400165379047394,0.05536121875047684,0.06672078371047974,0.07808035612106323,0.08943992108106613,0.10079948604106903,0.11215905100107193,0.12351861596107483,0.13487818837165833,0.14623776078224182,0.15759731829166412,0.16895689070224762,0.18031644821166992,0.19167602062225342,0.20303559303283691,0.21439515054225922,0.2257547229528427,0.23711428046226501,0.2484738528728485,0.259833425283432,0.2711929976940155,0.2825525403022766,0.2939121127128601,0.3052716851234436,0.3166312575340271,0.3279908299446106,0.3393504023551941,0.3507099449634552,0.3620695173740387,0.3734290897846222],"_type":"histogram"},"test_loss":-3.6329425132437927,"_step":499,"gradients/model.lin1.biases":{"_type":"histogram","values":[1,0,0,0,0,0,0,0,0,0,0,1,0,0,0,0,0,0,0,1,0,1,1,2,4,0,0,0,1,2,5,88,1,1,1,1,0,1,0,0,0,1,0,0,0,1,1,0,0,1,1,2,0,0,0,0,0,0,0,0,0,0,0,1],"bins":[-0.1961764097213745,-0.18985386192798615,-0.18353132903575897,-0.1772087812423706,-0.17088623344898224,-0.16456370055675507,-0.1582411527633667,-0.15191860496997833,-0.14559605717658997,-0.1392735242843628,-0.13295097649097443,-0.12662842869758606,-0.12030589580535889,-0.11398334801197052,-0.10766080766916275,-0.10133825987577438,-0.09501571953296661,-0.08869317919015884,-0.08237063139677048,-0.07604809105396271,-0.06972554326057434,-0.06340300291776657,-0.0570804625749588,-0.05075791850686073,-0.044435374438762665,-0.0381128303706646,-0.03179028630256653,-0.02546774595975876,-0.01914520189166069,-0.012822658754885197,-0.006500115618109703,-0.00017757248133420944,0.006144985556602478,0.012467528693377972,0.018790071830153465,0.025112614035606384,0.03143515810370445,0.03775770217180252,0.04408024251461029,0.05040278658270836,0.05672533065080643,0.0630478709936142,0.06937041878700256,0.07569295912981033,0.0820154994726181,0.08833804726600647,0.09466058760881424,0.1009831354022026,0.10730567574501038,0.11362821608781815,0.11995076388120651,0.12627330422401428,0.13259585201740265,0.13891838490962982,0.1452409327030182,0.15156348049640656,0.15788602828979492,0.1642085611820221,0.17053110897541046,0.17685365676879883,0.183176189661026,0.18949873745441437,0.19582128524780273,0.2021438181400299,0.20846636593341827]},"gradients/model.lin5.weights":{"_type":"histogram","values":[1,0,0,1,0,1,0,0,1,0,1,0,0,1,1,2,0,1,0,2,0,1,0,0,2,2,0,1,2,2,0,3,1,2,1,0,1,0,1,0,3,0,4,0,3,0,2,0,1,0,0,0,0,0,1,1,0,0,0,2,0,0,0,432],"bins":[-6.803156852722168,-6.696857452392578,-6.590558052062988,-6.484258651733398,-6.377959728240967,-6.271660327911377,-6.165360927581787,-6.059061527252197,-5.952762126922607,-5.846462726593018,-5.740163803100586,-5.633864402770996,-5.527565002441406,-5.421265602111816,-5.314966201782227,-5.208666801452637,-5.102367401123047,-4.996068477630615,-4.889769077301025,-4.7834696769714355,-4.677170276641846,-4.570870876312256,-4.464571475982666,-4.358272552490234,-4.2519731521606445,-4.145673751831055,-4.039374351501465,-3.933074951171875,-3.8267757892608643,-3.7204763889312744,-3.6141769886016846,-3.507877826690674,-3.401578426361084,-3.295279026031494,-3.1889798641204834,-3.0826804637908936,-2.9763810634613037,-2.870081901550293,-2.763782501220703,-2.6574831008911133,-2.5511837005615234,-2.4448845386505127,-2.338585138320923,-2.232285737991333,-2.1259865760803223,-2.0196871757507324,-1.9133878946304321,-1.8070884943008423,-1.700789213180542,-1.5944899320602417,-1.4881905317306519,-1.3818912506103516,-1.2755918502807617,-1.1692925691604614,-1.0629932880401611,-0.9566939473152161,-0.850394606590271,-0.7440952658653259,-0.6377959251403809,-0.5314966440200806,-0.4251973032951355,-0.31889796257019043,-0.21259865164756775,-0.10629932582378387,0]},"_runtime":344,"epoch":499,"gradients/model.lin3.weights":{"values":[1,0,1,0,2,2,4,0,8,1,4,4,3,5,7,10,18,16,15,16,19,33,53,90,27829,417,100,38,30,20,16,6,4,4,5,2,2,2,1,1,1,2,0,2,0,1,0,0,0,1,0,0,0,1,0,0,1,0,1,0,0,0,0,1],