{"gradients/model.lin1.weights":{"bins":[-3.0769433975219727,-3.0028300285339355,-2.9287168979644775,-2.8546035289764404,-2.7804903984069824,-2.7063770294189453,-2.6322638988494873,-2.55815052986145,-2.484037399291992,-2.409924030303955,-2.335810899734497,-2.26169753074646,-2.187584400177002,-2.113471031188965,-2.039357900619507,-1.9652445316314697,-1.8911312818527222,-1.8170180320739746,-1.742904782295227,-1.6687915325164795,-1.594678282737732,-1.5205650329589844,-1.4464517831802368,-1.3723385334014893,-1.2982251644134521,-1.2241119146347046,-1.149998664855957,-1.0758854150772095,-1.001772165298462,-0.9276589155197144,-0.8535456657409668,-0.7794324159622192,-0.7053191661834717,-0.6312059164047241,-0.5570926666259766,-0.4829793870449066,-0.40886613726615906,-0.3347528874874115,-0.26063960790634155,-0.186526358127594,-0.11241310834884644,-0.03829985111951828,0.035813406109809875,0.10992666333913803,0.1840399205684662,0.25815317034721375,0.3322664499282837,0.40637969970703125,0.4804929494857788,0.5546061992645264,0.6287194490432739,0.7028326988220215,0.776945948600769,0.8510592579841614,0.9251725077629089,0.9992857575416565,1.0733990669250488,1.1475123167037964,1.221625566482544,1.2957388162612915,1.369852066040039,1.4439653158187866,1.5180785655975342,1.5921918153762817,1.6663050651550293],"_type":"histogram","values":[1,0,0,0,0,0,0,0,0,1,0,0,0,0,0,0,1,0,0,0,2,1,3,0,2,1,3,2,5,3,3,7,4,4,11,12,17,26,43,73,106,914,79,57,42,30,25,15,9,10,4,6,5,2,0,1,0,0,0,1,1,2,0,2]},"gradients/model.lin4.weights":{"bins":[-3.357402801513672,-3.2243118286132812,-3.0912208557128906,-2.958130121231079,-2.8250391483306885,-2.691948175430298,-2.5588574409484863,-2.4257664680480957,-2.292675495147705,-2.1595845222473145,-2.026493549346924,-1.8934028148651123,-1.7603118419647217,-1.627220869064331,-1.49413001537323,-1.361039161682129,-1.2279481887817383,-1.0948572158813477,-0.9617663621902466,-0.8286754488945007,-0.6955845355987549,-0.562493622303009,-0.4294027090072632,-0.29631179571151733,-0.16322088241577148,-0.030129969120025635,0.10296094417572021,0.23605185747146606,0.3691427707672119,0.5022336840629578,0.6353245973587036,0.7684155106544495,0.9015069007873535,1.0345978736877441,1.1676887273788452,1.3007795810699463,1.433870553970337,1.5669615268707275,1.7000523805618286,1.8331432342529297,1.9662342071533203,2.099325180053711,2.2324161529541016,2.365506887435913,2.4985978603363037,2.6316888332366943,2.764779567718506,2.8978705406188965,3.030961513519287,3.1640524864196777,3.2971434593200684,3.43023419380188,3.5633251667022705,3.696416139602661,3.8295068740844727,3.9625978469848633,4.095688819885254,4.2287797927856445,4.361870765686035,4.494961738586426,4.628052711486816,4.761143207550049,4.8942341804504395,5.02732515335083,5.160416126251221],"_type":"histogram","values":[1,0,0,2,0,1,5,1,4,3,5,2,2,6,6,11,9,12,25,44,62,71,101,140,434,96158,405,240,198,95,55,37,36,18,20,14,15,13,15,4,6,4,1,3,3,1,2,1,6,2,0,0,1,0,1,0,1,0,1,0,0,0,0,1]},"_timestamp":1.7525903575991995e+09,"_wandb":{"runtime":32},"gradients/model.lin1.biases":{"values":[1,0,1,0,0,0,0,0,3,1,2,3,4,3,7,11,7,12,13,138,8,5,4,4,7,2,1,0,0,1,1,3,3,3,0,2,0,0,0,1,0,3,0,0,0,0,0,0,0,0,0,0,0,0,1,0,0,0,0,0,0,0,0,1],"bins":[-1.5698411464691162,-1.4881304502487183,-1.4064197540283203,-1.324709177017212,-1.242998480796814,-1.161287784576416,-1.0795772075653076,-0.9978665113449097,-0.9161558151245117,-0.8344451189041138,-0.7527344822883606,-0.6710238456726074,-0.5893131494522095,-0.5076024532318115,-0.42589181661605835,-0.3441811501979828,-0.2624704837799072,-0.18075981736183167,-0.0990491509437561,-0.017338484525680542,0.06437218189239502,0.14608284831047058,0.22779351472854614,0.3095041811466217,0.39121484756469727,0.4729255139827728,0.5546361804008484,0.6363468170166016,0.7180575132369995,0.7997682094573975,0.8814788460731506,0.9631894826889038,1.0449001789093018,1.1266108751296997,1.2083215713500977,1.290032148361206,1.371742844581604,1.453453540802002,1.5351641178131104,1.6168748140335083,1.6985855102539062,1.7802962064743042,1.8620069026947021,1.9437174797058105,2.025428295135498,2.1071388721466064,2.188849449157715,2.2705602645874023,2.3522708415985107,2.433981418609619,2.5156922340393066,2.597402811050415,2.6791133880615234,2.760824203491211,2.8425347805023193,2.924245595932007,3.0059561729431152,3.0876667499542236,3.169377565383911,3.2510881423950195,3.332798957824707,3.4145095348358154,3.496220111846924,3.5779309272766113,3.6596415042877197],"_type":"histogram"},"test_loss":-1.5714199118418237,"_step":62,"gradients/model.lin2.biases":{"values":[2,0,0,0,0,0,1,0,0,0,500,5,1,1,0,1,0,0,0,0,0,0,0,0,0,0,0,0,0,0,0,0,0,0,0,0,0,0,0,0,0,0,0,0,0,0,0,0,0,0,0,0,0,0,0,0,0,0,0,0,0,0,0,1],"bins":[-2.801793098449707,-2.540178060531616,-2.2785630226135254,-2.0169482231140137,-1.7553331851959229,-1.493718147277832,-1.2321032285690308,-0.9704882502555847,-0.7088732719421387,-0.4472582936286926,-0.18564331531524658,0.07597166299819946,0.3375866413116455,0.5992016196250916,0.8608165979385376,1.1224315166473389,1.3840465545654297,1.6456615924835205,1.9072765111923218,2.168891429901123,2.430506467819214,2.6921215057373047,2.9537363052368164,3.2153513431549072,3.476966381072998,3.738581418991089,4.00019645690918,4.261811256408691,4.523426055908203,4.785041332244873,5.046656131744385,5.308271408081055,5.56988525390625,5.831500053405762,6.093115329742432,6.354730129241943,6.616345405578613,6.877960205078125,7.139575004577637,7.401190280914307,7.662805080413818,7.92441987991333,8.18603515625,8.447649955749512,8.709264755249023,8.970879554748535,9.232495307922363,9.494110107421875,9.755724906921387,10.017339706420898,10.27895450592041,10.540570259094238,10.80218505859375,11.063799858093262,11.325414657592773,11.587029457092285,11.848644256591797,12.110260009765625,12.371874809265137,12.633489608764648,12.89510440826416,13.156719207763672,13.4183349609375,13.679949760437012,13.941564559936523],"_type":"histogram"},"gradients/model.lin3.weights":{"_type":"histogram","values":[2,2,0,0,0,0,0,1,0,1,0,3,0,0,2,3,2,0,0,4,4,5,15,14,22,55,161,196076,80,42,26,17,15,11,6,6,6,6,6,1,1,1,0,0,1,0,1,1,2,0,0,0,0,0,0,1,2,0,2,0,0,1,0,1],"bins":[-4.599081516265869,-4.430950164794922,-4.262818813323975,-4.094686985015869,-3.926555633544922,-3.7584242820739746,-3.5902929306030273,-3.422161340713501,-3.2540299892425537,-3.0858986377716064,-2.91776704788208,-2.749635696411133,-2.5815043449401855,-2.413372755050659,-2.245241403579712,-2.0771098136901855,-1.9089784622192383,-1.7408469915390015,-1.5727155208587646,-1.4045841693878174,-1.2364526987075806,-1.0683212280273438,-0.9001898169517517,-0.7320584058761597,-0.5639269351959229,-0.3957954943180084,-0.227664053440094,-0.059532612562179565,0.10859882831573486,0.2767302691936493,0.4448617100715637,0.6129931211471558,0.7811241149902344,0.9492555856704712,1.117387056350708,1.2855184078216553,1.453649878501892,1.621781349182129,1.7899127006530762,1.958044171333313,2.12617564201355,2.294306993484497,2.4624385833740234,2.6305699348449707,2.798701286315918,2.9668328762054443,3.1349642276763916,3.303095817565918,3.4712271690368652,3.6393585205078125,3.807490110397339,3.975621461868286,4.1437530517578125,4.31188440322876,4.480015754699707,4.648147106170654,4.816278457641602,4.984410285949707,5.152541637420654,5.320672988891602,5.488804340362549,5.656935691833496,5.825067520141602,5.993198871612549,6.161330223083496]},