{"_step":30,"gradients/model.lin1.biases":{"_type":"histogram","values":[1,0,0,0,0,0,0,0,0,0,1,0,0,0,0,0,0,0,1,1,0,1,1,0,0,0,3,2,1,4,4,81,2,2,1,2,0,2,0,0,0,1,1,3,0,0,0,2,0,0,0,1,0,0,0,0,0,1,0,0,0,0,0,1],"bins":[-0.6534790396690369,-0.6327937841415405,-0.6121084690093994,-0.5914232134819031,-0.570737898349762,-0.5500526428222656,-0.5293673276901245,-0.5086820721626282,-0.48799678683280945,-0.4673115015029907,-0.446626216173172,-0.42594093084335327,-0.40525567531585693,-0.3845703899860382,-0.3638851046562195,-0.34319981932640076,-0.32251453399658203,-0.3018292486667633,-0.2811439633369446,-0.26045867800712585,-0.23977340757846832,-0.2190881222486496,-0.19840285181999207,-0.17771756649017334,-0.15703228116035461,-0.1363469958305359,-0.11566171795129776,-0.09497644007205963,-0.0742911547422409,-0.05360587313771248,-0.03292059153318405,-0.012235309928655624,0.008450031280517578,0.029135312885046005,0.04982059448957443,0.07050587236881256,0.09119115769863129,0.11187644302845001,0.13256171345710754,0.15324699878692627,0.173932284116745,0.19461756944656372,0.21530285477638245,0.23598812520503998,0.2566733956336975,0.27735868096351624,0.29804396629333496,0.3187292516231537,0.3394145369529724,0.36009982228279114,0.38078510761260986,0.4014703929424286,0.4221556782722473,0.44284093379974365,0.4635262191295624,0.4842115044593811,0.5048967599868774,0.5255820751190186,0.5462673306465149,0.566952645778656,0.5876379013061523,0.6083232164382935,0.6290084719657898,0.6496937870979309,0.6703790426254272]},"_timestamp":1.7522488885322273e+09,"gradients/model.lin3.biases":{"bins":[-0.9335242509841919,-0.8997843861579895,-0.8660445213317871,-0.8323047161102295,-0.7985648512840271,-0.7648249864578247,-0.7310851216316223,-0.6973452568054199,-0.6636054515838623,-0.6298655867576599,-0.5961257219314575,-0.5623858571052551,-0.5286459922790527,-0.49490615725517273,-0.46116629242897034,-0.42742645740509033,-0.39368659257888794,-0.35994672775268555,-0.32620689272880554,-0.29246702790260315,-0.25872719287872314,-0.22498732805252075,-0.19124746322631836,-0.15750761330127716,-0.12376776337623596,-0.09002791345119476,-0.05628805607557297,-0.02254820242524147,0.011191651225090027,0.044931504875421524,0.07867135852575302,0.11241121590137482,0.14615106582641602,0.17989091575145721,0.2136307656764984,0.2473706305027008,0.2811104655265808,0.3148503303527832,0.3485901951789856,0.3823300302028656,0.416069895029068,0.4498097598552704,0.4835495948791504,0.5172894597053528,0.5510293245315552,0.5847691893577576,0.6185089945793152,0.6522488594055176,0.68598872423172,0.7197285890579224,0.7534684538841248,0.7872082591056824,0.8209481239318848,0.8546879887580872,0.8884278535842896,0.9221677184104919,0.9559075832366943,0.989647388458252,1.0233873128890991,1.0571271181106567,1.0908669233322144,1.1246068477630615,1.1583466529846191,1.1920865774154663,1.225826382637024],"_type":"histogram","values":[1,1,0,1,0,0,1,0,0,2,2,2,0,4,3,1,2,2,1,1,1,0,5,3,3,3,3,264,5,5,4,1,2,2,2,0,3,4,0,3,4,2,3,1,0,1,2,0,1,2,0,1,0,0,1,0,0,0,0,1,1,0,1,2]},"epoch":29,"gradients/model.lin4.biases":{"_type":"histogram","values":[2,0,0,0,0,1,0,1,0,0,0,0,0,0,1,0,0,0,1,1,0,1,0,0,1,0,0,0,0,1,3,93,0,0,0,1,0,0,2,0,0,0,1,2,0,1,2,0,0,1,0,0,1,0,0,0,0,0,1,0,0,0,0,2],"bins":[-3.00002121925354,-2.904236078262329,-2.808450698852539,-2.712665557861328,-2.616880416870117,-2.5210952758789062,-2.425309896469116,-2.3295247554779053,-2.2337396144866943,-2.1379542350769043,-2.0421690940856934,-1.9463839530944824,-1.850598692893982,-1.754813551902771,-1.6590282917022705,-1.5632431507110596,-1.467457890510559,-1.3716726303100586,-1.2758874893188477,-1.1801022291183472,-1.0843170881271362,-0.9885318279266357,-0.89274662733078,-0.7969614267349243,-0.7011762261390686,-0.6053910255432129,-0.5096058249473572,-0.4138205945491791,-0.31803539395332336,-0.22225019335746765,-0.12646497786045074,-0.030679769814014435,0.06510543823242188,0.1608906388282776,0.2566758394241333,0.3524610698223114,0.4482462704181671,0.5440315008163452,0.6398167014122009,0.7356019020080566,0.8313871026039124,0.9271723031997681,1.0229575634002686,1.1187427043914795,1.21452796459198,1.310313105583191,1.4060983657836914,1.5018835067749023,1.5976687669754028,1.6934540271759033,1.7892391681671143,1.8850244283676147,1.9808095693588257,2.076594829559326,2.172379970550537,2.268165111541748,2.363950490951538,2.459735631942749,2.55552077293396,2.65130615234375,2.747091293334961,2.842876434326172,2.938661575317383,3.034446954727173,3.130232095718384]},"gradients/model.lin3.weights":{"_type":"histogram","values":[1,2,1,3,4,3,6,4,2,8,7,14,20,30,30,35,49,57,77,95,120,147,192,268,297,511,669,23056,706,478,362,284,229,193,155,113,85,87,65,61,44,32,33,24,20,22,17,14,9,8,6,5,1,4,7,5,5,5,4,3,1,2,2,1],"bins":[-0.8268863558769226,-0.7966922521591187,-0.7664980888366699,-0.736303985118866,-0.7061098217964172,-0.6759157180786133,-0.6457215547561646,-0.6155274510383606,-0.5853333473205566,-0.5551391839981079,-0.524945080280304,-0.4947509169578552,-0.46455681324005127,-0.4343626797199249,-0.4041685461997986,-0.37397441267967224,-0.3437802791595459,-0.31358614563941956,-0.2833920121192932,-0.25319787859916687,-0.22300375998020172,-0.19280962646007538,-0.16261550784111023,-0.1324213743209839,-0.10222724080085754,-0.0720331072807312,-0.041838981211185455,-0.011644851416349411,0.018549278378486633,0.04874340817332268,0.07893753796815872,0.10913166403770447,0.13932585716247559,0.16951999068260193,0.19971412420272827,0.22990824282169342,0.26010239124298096,0.2902964949607849,0.32049062848091125,0.3506847620010376,0.38087889552116394,0.4110730290412903,0.4412671625614166,0.47146129608154297,0.5016553997993469,0.5318495631217957,0.5620436668395996,0.5922378301620483,0.6224319338798523,0.6526260375976562,0.682820200920105,0.7130143046379089,0.7432084679603577,0.7734025716781616,0.8035967350006104,0.8337908387184143,0.8639849424362183,0.894179105758667,0.924373209476471,0.9545673727989197,0.9847614765167236,1.0149556398391724,1.045149803161621,1.0753438472747803,1.105538010597229]},"test_loss":3128.6160102739727,"gradients/model.lin2.weights":{"_type":"histogram","values":[2,1,1,3,2,0,1,2,3,1,8,9,4,13,18,28,35,42,64,88,121,184,216,443,7088,308,173,162,125,86,66,53,40,30,25,19,19,18,19,9,10,7,9,5,5,3,3,5,5,5,1,0,3,2,1,1,1,2,1,0,0,0,1,1],"bins":[-0.4759276211261749,-0.4562150239944458,-0.4365023970603943,-0.41678979992866516,-0.39707720279693604,-0.3773645758628845,-0.3576519787311554,-0.3379393517971039,-0.31822675466537476,-0.29851415753364563,-0.2788015305995941,-0.259088933467865,-0.23937632143497467,-0.21966370940208435,-0.19995111227035522,-0.1802385002374649,-0.16052588820457458,-0.14081327617168427,-0.12110067158937454,-0.10138806700706482,-0.0816754549741745,-0.06196284666657448,-0.04225023835897446,-0.022537630051374435,-0.002825021743774414,0.016887586563825607,0.03660019487142563,0.05631280317902565,0.07602541148662567,0.09573802351951599,0.11545062810182571,0.13516323268413544,0.15487581491470337,0.1745884269475937,0.194301038980484,0.21401363611221313,0.23372624814510345,0.2534388601779938,0.2731514573097229,0.2928640842437744,0.31257668137550354,0.33228927850723267,0.3520019054412842,0.3717145025730133,0.39142709970474243,0.41113972663879395,0.43085232377052307,0.4505649507045746,0.4702775478363037,0.48999014496803284,0.509702742099762,0.5294153690338135,0.549127995967865,0.5688405632972717,0.5885531902313232,0.6082658171653748,0.6279784440994263,0.647691011428833,0.6674036383628845,0.687116265296936,0.7068288326263428,0.7265414595603943,0.7462540864944458,0.7659666538238525,0.785679280757904]},"test_rmse":1.2266069774786348,"_runtime":19.258458306,