{"test_rmse":1.2119635994537539,"gradients/model.lin3.biases":{"bins":[-0.6061725616455078,-0.582322895526886,-0.5584731698036194,-0.5346235036849976,-0.510773777961731,-0.48692408204078674,-0.46307438611984253,-0.4392246901988983,-0.4153749942779541,-0.3915253281593323,-0.36767563223838806,-0.34382593631744385,-0.31997624039649963,-0.2961265444755554,-0.2722768485546112,-0.248427152633667,-0.22457745671272278,-0.20072776079177856,-0.17687806487083435,-0.15302836894989014,-0.12917867302894592,-0.1053289845585823,-0.08147929608821869,-0.057629600167274475,-0.03377990424633026,-0.009930210188031197,0.013919483870267868,0.03776917606592178,0.061618871986866,0.08546856790781021,0.10931825637817383,0.13316795229911804,0.15701764822006226,0.18086734414100647,0.20471704006195068,0.2285667359828949,0.2524164319038391,0.2762661278247833,0.30011582374572754,0.32396551966667175,0.34781521558761597,0.3716648817062378,0.395514577627182,0.4193642735481262,0.44321396946907043,0.46706366539001465,0.49091336131095886,0.5147630572319031,0.5386127233505249,0.5624624490737915,0.5863121151924133,0.6101618409156799,0.6340115070343018,0.6578612327575684,0.6817108988761902,0.7055606245994568,0.7294102907180786,0.7532600164413452,0.777109682559967,0.8009594082832336,0.8248090744018555,0.8486588001251221,0.8725084662437439,0.8963581919670105,0.9202078580856323],"_type":"histogram","values":[2,0,0,1,0,0,1,0,2,1,0,2,1,1,3,3,0,5,2,3,2,8,2,1,6,263,4,2,4,5,2,4,3,2,3,3,2,5,2,1,0,0,3,1,1,0,0,2,0,0,0,0,0,1,0,0,0,0,0,0,0,0,0,1]},"gradients/model.lin2.weights":{"values":[1,1,0,1,0,2,1,1,4,3,2,6,9,6,11,17,22,26,43,59,125,159,380,7634,400,225,145,74,70,36,28,33,17,12,5,10,7,5,3,1,3,4,1,1,1,1,0,1,1,0,0,0,1,0,0,1,0,0,0,0,0,0,0,1],"bins":[-0.4736095368862152,-0.4535125195980072,-0.4334154725074768,-0.4133184552192688,-0.3932214379310608,-0.3731244206428528,-0.3530274033546448,-0.3329303562641144,-0.31283333897590637,-0.29273632168769836,-0.27263927459716797,-0.25254225730895996,-0.23244524002075195,-0.21234822273254395,-0.19225119054317474,-0.17215415835380554,-0.15205714106559753,-0.13196012377738953,-0.11186309158802032,-0.09176606684923172,-0.07166904211044312,-0.05157201737165451,-0.031474992632865906,-0.011377967894077301,0.008719056844711304,0.02881608158349991,0.04891310632228851,0.06901013106107712,0.08910715579986572,0.10920418053865433,0.12930120527744293,0.14939823746681213,0.16949522495269775,0.18959224224090576,0.20968927443027496,0.22978630661964417,0.24988332390785217,0.2699803411960602,0.2900773882865906,0.3101744055747986,0.3302714228630066,0.3503684401512146,0.3704654574394226,0.390562504529953,0.410659521818161,0.430756539106369,0.4508535861968994,0.4709506034851074,0.49104762077331543,0.5111446380615234,0.5312416553497314,0.5513386726379395,0.5714356899261475,0.5915327668190002,0.6116297841072083,0.6317268013954163,0.6518238186836243,0.6719208359718323,0.6920178532600403,0.7121148705482483,0.7322119474411011,0.7523089647293091,0.7724059820175171,0.7925029993057251,0.8126000165939331],"_type":"histogram"},"test_loss":3501.426369863014,"_runtime":35.241632527,"gradients/model.lin3.weights":{"bins":[-0.6534709334373474,-0.6280516982078552,-0.6026324033737183,-0.5772131681442261,-0.5517939329147339,-0.5263746976852417,-0.5009554624557495,-0.47553616762161255,-0.45011693239212036,-0.4246976971626282,-0.3992784321308136,-0.373859167098999,-0.34843993186950684,-0.32302069664001465,-0.2976014316082001,-0.2721821665763855,-0.2467629313468933,-0.22134368121623993,-0.19592443108558655,-0.17050518095493317,-0.14508593082427979,-0.1196666806936264,-0.09424743056297302,-0.06882818043231964,-0.04340893030166626,-0.01798968017101288,0.007429569959640503,0.032848820090293884,0.058268070220947266,0.08368732035160065,0.10910657048225403,0.1345258206129074,0.15994513034820557,0.18536438047885895,0.21078363060951233,0.2362028807401657,0.2616221308708191,0.2870413661003113,0.31246063113212585,0.33787989616394043,0.3632991313934326,0.3887183666229248,0.4141376316547394,0.43955689668655396,0.46497613191604614,0.49039536714553833,0.5158146619796753,0.5412338972091675,0.5666531324386597,0.5920723676681519,0.617491602897644,0.642910897731781,0.6683301329612732,0.6937493681907654,0.7191686630249023,0.7445878982543945,0.7700071334838867,0.7954263687133789,0.8208456039428711,0.8462648987770081,0.8716841340065002,0.8971033692359924,0.9225226640701294,0.9479418992996216,0.9733611345291138],"_type":"histogram","values":[3,1,1,4,2,5,7,8,11,11,18,19,26,29,45,52,72,84,103,147,185,219,321,395,457,23435,779,432,365,295,249,233,177,115,114,80,56,55,31,30,27,17,16,11,12,9,5,3,5,6,1,3,1,5,0,1,1,1,2,0,1,0,0,2]},"gradients/model.lin4.weights":{"_type":"histogram","values":[2,0,0,0,3,1,4,2,8,8,11,10,12,16,19,17,23,39,21,47,33,44,43,54,57,56,73,82,121,483,11974,109,146,119,104,104,92,73,60,58,35,42,31,29,25,18,15,14,13,7,9,6,10,3,6,1,2,3,0,1,0,1,0,1],"bins":[-2.3574016094207764,-2.2793171405792236,-2.201232433319092,-2.123147964477539,-2.0450634956359863,-1.9669787883758545,-1.8888943195343018,-1.8108097314834595,-1.7327251434326172,-1.654640555381775,-1.5765559673309326,-1.4984714984893799,-1.4203869104385376,-1.3423023223876953,-1.2642178535461426,-1.1861332654953003,-1.108048677444458,-1.0299640893936157,-0.9518795609474182,-0.8737950325012207,-0.7957104444503784,-0.7176258563995361,-0.6395413279533386,-0.5614567995071411,-0.48337221145629883,-0.40528765320777893,-0.32720309495925903,-0.24911853671073914,-0.17103397846221924,-0.09294942021369934,-0.014864861965179443,0.06321969628334045,0.14130449295043945,0.21938905119895935,0.29747360944747925,0.37555816769599915,0.45364272594451904,0.5317273139953613,0.6098118424415588,0.6878963708877563,0.7659809589385986,0.8440655469894409,0.9221500754356384,1.000234603881836,1.0783191919326782,1.1564037799835205,1.2344882488250732,1.3125728368759155,1.3906574249267578,1.4687420129776,1.5468266010284424,1.6249110698699951,1.7029956579208374,1.7810802459716797,1.8591647148132324,1.9372493028640747,2.015333890914917,2.0934183597564697,2.1715030670166016,2.2495875358581543,2.327672004699707,2.405756711959839,2.4838411808013916,2.5619258880615234,2.640010356903076]},"_step":55,"gradients/model.lin1.biases":{"bins":[-0.3811991810798645,-0.3705911934375763,-0.3599831759929657,-0.3493751883506775,-0.3387671709060669,-0.3281591832637787,-0.3175511658191681,-0.3069431781768799,-0.2963351607322693,-0.2857271730899811,-0.27511918544769287,-0.2645111680030823,-0.25390318036079407,-0.24329517781734467,-0.23268717527389526,-0.22207917273044586,-0.21147117018699646,-0.20086316764354706,-0.19025516510009766,-0.17964716255664825,-0.16903916001319885,-0.15843117237091064,-0.14782316982746124,-0.13721516728401184,-0.12660716474056244,-0.11599916219711304,-0.10539115965366364,-0.09478316456079483,-0.08417516201734543,-0.07356715947389603,-0.06295916438102722,-0.05235116183757782,-0.041743189096450806,-0.031135188415646553,-0.0205271877348423,-0.009919187054038048,0.0006888136267662048,0.011296814307570457,0.02190481498837471,0.032512813806533813,0.043120816349983215,0.05372881889343262,0.06433682143688202,0.07494481652975082,0.08555281907320023,0.09616082161664963,0.10676881670951843,0.11737681925296783,0.12798482179641724,0.13859282433986664,0.14920082688331604,0.15980882942676544,0.17041683197021484,0.18102481961250305,0.19163282215595245,0.20224082469940186,0.21284882724285126,0.22345682978630066,0.23406483232975006,0.24467283487319946,0.25528082251548767,0.26588883996009827,0.2764968276023865,0.28710484504699707,0.2977128326892853],"_type":"histogram","values":[1,0,0,0,0,0,0,1,1,0,0,0,0,0,0,1,0,1,0,0,0,0,0,0,0,0,0,0,0,0,0,0,1,2,1,83,1,4,3,4,3,0,0,1,1,1,1,0,1,2,1,0,1,1,0,1,0,0,0,0,0,0,1,1]},"gradients/model.lin5.biases":{"values":[1,0,0,0,0,0,0,0,0,0,0,0,0,0,0,0,0,0,0,0,0,0,0,0,0,0,0,0,0,0,0,0,0,0,0,0,0,0,0,0,0,0,0,0,0,0,0,0,0,0,0,0,0,0,0,0,0,0,0,0,1,0,9,1],